year,spp,major,region,nation,catch,units
1961,391,2,3B,CA,3000,lbs
1962,391,2,3B,CA,2000,lbs
1963,391,2,3B,CA,3000,lbs
1964,391,2,3B,CA,2000,lbs
1967,391,2,3B,CA,1000,lbs
1968,391,2,3B,CA,12000,lbs
1971,391,2,3B,CA,1000,lbs
1972,391,2,3B,CA,1000,lbs
1950,391,2,3B,US,3811000,lbs
1951,391,2,3B,US,2415000,lbs
1952,391,2,3B,US,2658000,lbs
1953,391,2,3B,US,1233000,lbs
1954,391,2,3B,US,1654000,lbs
1955,391,2,3B,US,1652000,lbs
1956,391,2,3B,US,1770000,lbs
1957,391,2,3B,US,835000,lbs
1958,391,2,3B,US,2399000,lbs
1959,391,2,3B,US,1361000,lbs
1960,391,2,3B,US,1077000,lbs
1961,391,2,3B,US,1069000,lbs
1962,391,2,3B,US,921000,lbs
1963,391,2,3B,US,1077000,lbs
1964,391,2,3B,US,1284000,lbs
1965,391,2,3B,US,1166000,lbs
1966,391,2,3B,US,1259000,lbs
1967,391,2,3B,US,572000,lbs
1968,391,2,3B,US,2804000,lbs
1969,391,2,3B,US,3528000,lbs
1970,391,2,3B,US,1092000,lbs
1971,391,2,3B,US,1235000,lbs
1972,391,2,3B,US,904000,lbs
1973,391,2,3B,US,477000,lbs
1974,391,2,3B,US,525000,lbs
1975,391,2,3B,US,1210000,lbs
1950,391,3,3C,CA,31000,lbs
1951,391,3,3C,CA,48000,lbs
1952,391,3,3C,CA,124000,lbs
1953,391,3,3C,CA,35000,lbs
1954,391,3,3C,CA,118000,lbs
1955,391,3,3C,CA,65000,lbs
1956,391,3,3C,CA,27000,lbs
1957,391,3,3C,CA,22000,lbs
1958,391,3,3C,CA,13000,lbs
1959,391,3,3C,CA,29000,lbs
1960,391,3,3C,CA,16000,lbs
1961,391,3,3C,CA,36000,lbs
1962,391,3,3C,CA,36000,lbs
1963,391,3,3C,CA,25000,lbs
1964,391,3,3C,CA,26000,lbs
1965,391,3,3C,CA,20000,lbs
1966,391,3,3C,CA,46000,lbs
1967,391,3,3C,CA,32000,lbs
1968,391,3,3C,CA,29000,lbs
1969,391,3,3C,CA,78000,lbs
1970,391,3,3C,CA,134000,lbs
1971,391,3,3C,CA,233000,lbs
1972,391,3,3C,CA,91000,lbs
1973,391,3,3C,CA,106000,lbs
1974,391,3,3C,CA,156000,lbs
1975,391,3,3C,CA,85000,lbs
1950,391,3,3C,US,1919000,lbs
1951,391,3,3C,US,1867000,lbs
1952,391,3,3C,US,1439000,lbs
1953,391,3,3C,US,739000,lbs
1954,391,3,3C,US,769000,lbs
1955,391,3,3C,US,695000,lbs
1956,391,3,3C,US,630000,lbs
1957,391,3,3C,US,843000,lbs
1958,391,3,3C,US,635000,lbs
1959,391,3,3C,US,2331000,lbs
1960,391,3,3C,US,2350000,lbs
1961,391,3,3C,US,2392000,lbs
1962,391,3,3C,US,2943000,lbs
1963,391,3,3C,US,1308000,lbs
1964,391,3,3C,US,1237000,lbs
1965,391,3,3C,US,1453000,lbs
1966,391,3,3C,US,1405000,lbs
1967,391,3,3C,US,653000,lbs
1968,391,3,3C,US,1088000,lbs
1969,391,3,3C,US,1354000,lbs
1970,391,3,3C,US,1354000,lbs
1971,391,3,3C,US,1246000,lbs
1972,391,3,3C,US,783000,lbs
1973,391,3,3C,US,610000,lbs
1974,391,3,3C,US,193000,lbs
1975,391,3,3C,US,639000,lbs
1950,391,4,3D,CA,7000,lbs
1951,391,4,3D,CA,10000,lbs
1952,391,4,3D,CA,4000,lbs
1953,391,4,3D,CA,1000,lbs
1954,391,4,3D,CA,10000,lbs
1955,391,4,3D,CA,13000,lbs
1956,391,4,3D,CA,2000,lbs
1958,391,4,3D,CA,2000,lbs
1960,391,4,3D,CA,4000,lbs
1961,391,4,3D,CA,6000,lbs
1962,391,4,3D,CA,31000,lbs
1963,391,4,3D,CA,1000,lbs
1964,391,4,3D,CA,13000,lbs
1965,391,4,3D,CA,72000,lbs
1966,391,4,3D,CA,24000,lbs
1967,391,4,3D,CA,18000,lbs
1968,391,4,3D,CA,108000,lbs
1969,391,4,3D,CA,198000,lbs
1970,391,4,3D,CA,173000,lbs
1971,391,4,3D,CA,131000,lbs
1972,391,4,3D,CA,47000,lbs
1973,391,4,3D,CA,79000,lbs
1974,391,4,3D,CA,77000,lbs
1975,391,4,3D,CA,44000,lbs
1950,391,4,3D,US,1654000,lbs
1951,391,4,3D,US,1056000,lbs
1952,391,4,3D,US,1174000,lbs
1953,391,4,3D,US,536000,lbs
1954,391,4,3D,US,614000,lbs
1955,391,4,3D,US,821000,lbs
1956,391,4,3D,US,892000,lbs
1957,391,4,3D,US,956000,lbs
1958,391,4,3D,US,652000,lbs
1959,391,4,3D,US,782000,lbs
1960,391,4,3D,US,821000,lbs
1961,391,4,3D,US,1530000,lbs
1962,391,4,3D,US,2428000,lbs
1963,391,4,3D,US,1862000,lbs
1964,391,4,3D,US,755000,lbs
1965,391,4,3D,US,1065000,lbs
1966,391,4,3D,US,1772000,lbs
1967,391,4,3D,US,1393000,lbs
1968,391,4,3D,US,1690000,lbs
1969,391,4,3D,US,2557000,lbs
1970,391,4,3D,US,3010000,lbs
1971,391,4,3D,US,1850000,lbs
1972,391,4,3D,US,1775000,lbs
1973,391,4,3D,US,1762000,lbs
1974,391,4,3D,US,2077000,lbs
1975,391,4,3D,US,1382000,lbs
1950,391,68,4A,US,2246000,lbs
1951,391,68,4A,US,211000,lbs
1952,391,68,4A,US,230000,lbs
1953,391,68,4A,US,162000,lbs
1954,391,68,4A,US,96000,lbs
1955,391,68,4A,US,62000,lbs
1956,391,68,4A,US,93000,lbs
1957,391,68,4A,US,99000,lbs
1958,391,68,4A,US,74000,lbs
1959,391,68,4A,US,89000,lbs
1960,391,68,4A,US,118000,lbs
1961,391,68,4A,US,75000,lbs
1962,391,68,4A,US,76000,lbs
1963,391,68,4A,US,175000,lbs
1964,391,68,4A,US,126000,lbs
1965,391,68,4A,US,105000,lbs
1966,391,68,4A,US,62000,lbs
1967,391,68,4A,US,76000,lbs
1968,391,68,4A,US,43000,lbs
1969,391,68,4A,US,54000,lbs
1970,391,68,4A,US,138000,lbs
1971,391,68,4A,US,79000,lbs
1972,391,68,4A,US,41000,lbs
1973,391,68,4A,US,57000,lbs
1974,391,68,4A,US,59000,lbs
1975,391,68,4A,US,81000,lbs
1950,391,1,4B,CA,63000,lbs
1951,391,1,4B,CA,208000,lbs
1952,391,1,4B,CA,138000,lbs
1953,391,1,4B,CA,116000,lbs
1954,391,1,4B,CA,97000,lbs
1955,391,1,4B,CA,73000,lbs
1956,391,1,4B,CA,60000,lbs
1957,391,1,4B,CA,73000,lbs
1958,391,1,4B,CA,56000,lbs
1959,391,1,4B,CA,85000,lbs
1960,391,1,4B,CA,76000,lbs
1961,391,1,4B,CA,113000,lbs
1962,391,1,4B,CA,87000,lbs
1963,391,1,4B,CA,83000,lbs
1964,391,1,4B,CA,120000,lbs
1965,391,1,4B,CA,80000,lbs
1966,391,1,4B,CA,132000,lbs
1967,391,1,4B,CA,37000,lbs
1968,391,1,4B,CA,74000,lbs
1969,391,1,4B,CA,68000,lbs
1970,391,1,4B,CA,95000,lbs
1971,391,1,4B,CA,64000,lbs
1972,391,1,4B,CA,85000,lbs
1973,391,1,4B,CA,54000,lbs
1974,391,1,4B,CA,46000,lbs
1975,391,1,4B,CA,63000,lbs
1950,391,5,5A,CA,15000,lbs
1951,391,5,5A,CA,10000,lbs
1952,391,5,5A,CA,28000,lbs
1953,391,5,5A,CA,2000,lbs
1954,391,5,5A,CA,6000,lbs
1955,391,5,5A,CA,8000,lbs
1957,391,5,5A,CA,40000,lbs
1958,391,5,5A,CA,50000,lbs
1959,391,5,5A,CA,169000,lbs
1960,391,5,5A,CA,28000,lbs
1961,391,5,5A,CA,29000,lbs
1962,391,5,5A,CA,56000,lbs
1963,391,5,5A,CA,58000,lbs
1964,391,5,5A,CA,358000,lbs
1965,391,5,5A,CA,225000,lbs
1966,391,5,5A,CA,119000,lbs
1967,391,5,5A,CA,299000,lbs
1968,391,5,5A,CA,340000,lbs
1969,391,5,5A,CA,454000,lbs
1970,391,5,5A,CA,397000,lbs
1971,391,5,5A,CA,427000,lbs
1972,391,5,5A,CA,869000,lbs
1973,391,5,5A,CA,1390000,lbs
1974,391,5,5A,CA,475000,lbs
1975,391,5,5A,CA,361000,lbs
1950,391,5,5A,US,2246000,lbs
1951,391,5,5A,US,1266000,lbs
1952,391,5,5A,US,1439000,lbs
1953,391,5,5A,US,713000,lbs
1954,391,5,5A,US,568000,lbs
1955,391,5,5A,US,1417000,lbs
1956,391,5,5A,US,1485000,lbs
1957,391,5,5A,US,626000,lbs
1958,391,5,5A,US,918000,lbs
1959,391,5,5A,US,1037000,lbs
1960,391,5,5A,US,459000,lbs
1961,391,5,5A,US,902000,lbs
1962,391,5,5A,US,1394000,lbs
1963,391,5,5A,US,1237000,lbs
1964,391,5,5A,US,975000,lbs
1965,391,5,5A,US,1291000,lbs
1966,391,5,5A,US,3174000,lbs
1967,391,5,5A,US,1810000,lbs
1968,391,5,5A,US,3001000,lbs
1969,391,5,5A,US,5617000,lbs
1970,391,5,5A,US,3458000,lbs
1971,391,5,5A,US,3176000,lbs
1972,391,5,5A,US,3352000,lbs
1973,391,5,5A,US,4573000,lbs
1974,391,5,5A,US,2492000,lbs
1975,391,5,5A,US,1090000,lbs
1950,391,6,5B,CA,26000,lbs
1951,391,6,5B,CA,76000,lbs
1952,391,6,5B,CA,200000,lbs
1953,391,6,5B,CA,20000,lbs
1954,391,6,5B,CA,116000,lbs
1955,391,6,5B,CA,135000,lbs
1956,391,6,5B,CA,84000,lbs
1957,391,6,5B,CA,91000,lbs
1958,391,6,5B,CA,94000,lbs
1959,391,6,5B,CA,326000,lbs
1960,391,6,5B,CA,48000,lbs
1961,391,6,5B,CA,86000,lbs
1962,391,6,5B,CA,401000,lbs
1963,391,6,5B,CA,168000,lbs
1964,391,6,5B,CA,207000,lbs
1965,391,6,5B,CA,210000,lbs
1966,391,6,5B,CA,168000,lbs
1967,391,6,5B,CA,63000,lbs
1968,391,6,5B,CA,120000,lbs
1969,391,6,5B,CA,111000,lbs
1970,391,6,5B,CA,284000,lbs
1971,391,6,5B,CA,407000,lbs
1972,391,6,5B,CA,1407000,lbs
1973,391,6,5B,CA,488000,lbs
1974,391,6,5B,CA,580000,lbs
1975,391,6,5B,CA,1048000,lbs
1950,391,6,5B,US,2736000,lbs
1951,391,6,5B,US,3774000,lbs
1952,391,6,5B,US,2987000,lbs
1953,391,6,5B,US,1011000,lbs
1954,391,6,5B,US,1065000,lbs
1955,391,6,5B,US,788000,lbs
1956,391,6,5B,US,696000,lbs
1957,391,6,5B,US,708000,lbs
1958,391,6,5B,US,429000,lbs
1959,391,6,5B,US,300000,lbs
1960,391,6,5B,US,535000,lbs
1961,391,6,5B,US,573000,lbs
1962,391,6,5B,US,1459000,lbs
1963,391,6,5B,US,1785000,lbs
1964,391,6,5B,US,1077000,lbs
1965,391,6,5B,US,1437000,lbs
1966,391,6,5B,US,1846000,lbs
1967,391,6,5B,US,2315000,lbs
1968,391,6,5B,US,2572000,lbs
1969,391,6,5B,US,4637000,lbs
1970,391,6,5B,US,3433000,lbs
1971,391,6,5B,US,3328000,lbs
1972,391,6,5B,US,3782000,lbs
1973,391,6,5B,US,4756000,lbs
1974,391,6,5B,US,2775000,lbs
1975,391,6,5B,US,1924000,lbs
1951,391,7,5C,CA,2000,lbs
1952,391,7,5C,CA,1000,lbs
1956,391,7,5C,CA,6000,lbs
1957,391,7,5C,CA,1000,lbs
1958,391,7,5C,CA,12000,lbs
1959,391,7,5C,CA,5000,lbs
1960,391,7,5C,CA,1000,lbs
1964,391,7,5C,CA,3000,lbs
1965,391,7,5C,CA,10000,lbs
1966,391,7,5C,CA,8000,lbs
1967,391,7,5C,CA,1000,lbs
1968,391,7,5C,CA,17000,lbs
1969,391,7,5C,CA,23000,lbs
1970,391,7,5C,CA,26000,lbs
1971,391,7,5C,CA,21000,lbs
1972,391,7,5C,CA,7000,lbs
1973,391,7,5C,CA,40000,lbs
1974,391,7,5C,CA,41000,lbs
1975,391,7,5C,CA,76000,lbs
1950,391,7,5C,US,35000,lbs
1951,391,7,5C,US,13000,lbs
1952,391,7,5C,US,15000,lbs
1953,391,7,5C,US,10000,lbs
1954,391,7,5C,US,19000,lbs
1955,391,7,5C,US,7000,lbs
1956,391,7,5C,US,18000,lbs
1957,391,7,5C,US,8000,lbs
1960,391,7,5C,US,3000,lbs
1961,391,7,5C,US,1000,lbs
1963,391,7,5C,US,27000,lbs
1964,391,7,5C,US,17000,lbs
1965,391,7,5C,US,56000,lbs
1966,391,7,5C,US,3000,lbs
1967,391,7,5C,US,7000,lbs
1950,391,8,5D,CA,91000,lbs
1951,391,8,5D,CA,80000,lbs
1952,391,8,5D,CA,97000,lbs
1953,391,8,5D,CA,7000,lbs
1954,391,8,5D,CA,13000,lbs
1955,391,8,5D,CA,17000,lbs
1956,391,8,5D,CA,9000,lbs
1957,391,8,5D,CA,9000,lbs
1958,391,8,5D,CA,9000,lbs
1959,391,8,5D,CA,39000,lbs
1960,391,8,5D,CA,21000,lbs
1961,391,8,5D,CA,44000,lbs
1962,391,8,5D,CA,106000,lbs
1963,391,8,5D,CA,27000,lbs
1964,391,8,5D,CA,53000,lbs
1965,391,8,5D,CA,25000,lbs
1966,391,8,5D,CA,45000,lbs
1967,391,8,5D,CA,47000,lbs
1968,391,8,5D,CA,22000,lbs
1969,391,8,5D,CA,71000,lbs
1970,391,8,5D,CA,417000,lbs
1971,391,8,5D,CA,434000,lbs
1972,391,8,5D,CA,886000,lbs
1973,391,8,5D,CA,525000,lbs
1974,391,8,5D,CA,640000,lbs
1975,391,8,5D,CA,479000,lbs
1950,391,8,5D,US,214000,lbs
1951,391,8,5D,US,98000,lbs
1952,391,8,5D,US,112000,lbs
1953,391,8,5D,US,66000,lbs
1954,391,8,5D,US,74000,lbs
1955,391,8,5D,US,115000,lbs
1956,391,8,5D,US,31000,lbs
1957,391,8,5D,US,33000,lbs
1958,391,8,5D,US,63000,lbs
1959,391,8,5D,US,85000,lbs
1960,391,8,5D,US,55000,lbs
1961,391,8,5D,US,21000,lbs
1962,391,8,5D,US,52000,lbs
1963,391,8,5D,US,10000,lbs
1964,391,8,5D,US,34000,lbs
1965,391,8,5D,US,40000,lbs
1967,391,8,5D,US,16000,lbs
1962,396,2,3B,CA,2000,lbs
1964,396,2,3B,CA,4000,lbs
1970,396,2,3B,CA,6000,lbs
1971,396,2,3B,CA,24000,lbs
1950,396,2,3B,US,82000,lbs
1951,396,2,3B,US,100000,lbs
1952,396,2,3B,US,257000,lbs
1953,396,2,3B,US,468000,lbs
1954,396,2,3B,US,984000,lbs
1955,396,2,3B,US,743000,lbs
1956,396,2,3B,US,670000,lbs
1957,396,2,3B,US,1504000,lbs
1958,396,2,3B,US,1176000,lbs
1959,396,2,3B,US,582000,lbs
1960,396,2,3B,US,1450000,lbs
1961,396,2,3B,US,1782000,lbs
1962,396,2,3B,US,1689000,lbs
1963,396,2,3B,US,1337000,lbs
1964,396,2,3B,US,1823000,lbs
1965,396,2,3B,US,457000,lbs
1966,396,2,3B,US,552000,lbs
1967,396,2,3B,US,163000,lbs
1968,396,2,3B,US,648000,lbs
1969,396,2,3B,US,341000,lbs
1970,396,2,3B,US,571000,lbs
1971,396,2,3B,US,447000,lbs
1972,396,2,3B,US,320000,lbs
1973,396,2,3B,US,244000,lbs
1974,396,2,3B,US,50000,lbs
1975,396,2,3B,US,318000,lbs
1961,396,3,3C,CA,2000,lbs
1963,396,3,3C,CA,5000,lbs
1964,396,3,3C,CA,91000,lbs
1965,396,3,3C,CA,13000,lbs
1966,396,3,3C,CA,5000,lbs
1967,396,3,3C,CA,10000,lbs
1969,396,3,3C,CA,3000,lbs
1970,396,3,3C,CA,659000,lbs
1971,396,3,3C,CA,456000,lbs
1972,396,3,3C,CA,159000,lbs
1975,396,3,3C,CA,12000,lbs
1950,396,3,3C,US,123000,lbs
1951,396,3,3C,US,150000,lbs
1952,396,3,3C,US,783000,lbs
1953,396,3,3C,US,701000,lbs
1954,396,3,3C,US,1551000,lbs
1955,396,3,3C,US,1010000,lbs
1956,396,3,3C,US,1440000,lbs
1957,396,3,3C,US,1105000,lbs
1958,396,3,3C,US,264000,lbs
1959,396,3,3C,US,1202000,lbs
1960,396,3,3C,US,1572000,lbs
1961,396,3,3C,US,1602000,lbs
1962,396,3,3C,US,4723000,lbs
1963,396,3,3C,US,5401000,lbs
1964,396,3,3C,US,2626000,lbs
1965,396,3,3C,US,5722000,lbs
1966,396,3,3C,US,4247000,lbs
1967,396,3,3C,US,1416000,lbs
1968,396,3,3C,US,421000,lbs
1969,396,3,3C,US,685000,lbs
1970,396,3,3C,US,2494000,lbs
1971,396,3,3C,US,1407000,lbs
1972,396,3,3C,US,607000,lbs
1973,396,3,3C,US,428000,lbs
1974,396,3,3C,US,533000,lbs
1975,396,3,3C,US,521000,lbs
1961,396,4,3D,CA,10000,lbs
1962,396,4,3D,CA,5000,lbs
1964,396,4,3D,CA,4000,lbs
1965,396,4,3D,CA,1000,lbs
1967,396,4,3D,CA,6000,lbs
1969,396,4,3D,CA,3000,lbs
1970,396,4,3D,CA,12000,lbs
1971,396,4,3D,CA,25000,lbs
1972,396,4,3D,CA,99000,lbs
1974,396,4,3D,CA,6000,lbs
1950,396,4,3D,US,37000,lbs
1951,396,4,3D,US,45000,lbs
1952,396,4,3D,US,114000,lbs
1953,396,4,3D,US,208000,lbs
1954,396,4,3D,US,271000,lbs
1955,396,4,3D,US,499000,lbs
1956,396,4,3D,US,121000,lbs
1957,396,4,3D,US,564000,lbs
1958,396,4,3D,US,105000,lbs
1959,396,4,3D,US,348000,lbs
1960,396,4,3D,US,449000,lbs
1961,396,4,3D,US,2081000,lbs
1962,396,4,3D,US,2084000,lbs
1963,396,4,3D,US,1781000,lbs
1964,396,4,3D,US,962000,lbs
1965,396,4,3D,US,509000,lbs
1966,396,4,3D,US,394000,lbs
1967,396,4,3D,US,180000,lbs
1968,396,4,3D,US,148000,lbs
1969,396,4,3D,US,253000,lbs
1970,396,4,3D,US,567000,lbs
1971,396,4,3D,US,186000,lbs
1972,396,4,3D,US,187000,lbs
1973,396,4,3D,US,85000,lbs
1974,396,4,3D,US,44000,lbs
1975,396,4,3D,US,119000,lbs
1950,396,68,4A,US,30000,lbs
1965,396,68,4A,US,2000,lbs
1955,396,1,4B,CA,1000,lbs
1964,396,1,4B,CA,5000,lbs
1966,396,1,4B,CA,2000,lbs
1970,396,1,4B,CA,4000,lbs
1971,396,1,4B,CA,1000,lbs
1972,396,1,4B,CA,1000,lbs
1956,396,5,5A,CA,24000,lbs
1957,396,5,5A,CA,31000,lbs
1958,396,5,5A,CA,132000,lbs
1959,396,5,5A,CA,380000,lbs
1960,396,5,5A,CA,21000,lbs
1961,396,5,5A,CA,31000,lbs
1962,396,5,5A,CA,8000,lbs
1963,396,5,5A,CA,28000,lbs
1964,396,5,5A,CA,206000,lbs
1965,396,5,5A,CA,1035000,lbs
1966,396,5,5A,CA,1721000,lbs
1967,396,5,5A,CA,347000,lbs
1968,396,5,5A,CA,325000,lbs
1969,396,5,5A,CA,1307000,lbs
1970,396,5,5A,CA,2188000,lbs
1971,396,5,5A,CA,504000,lbs
1972,396,5,5A,CA,1341000,lbs
1973,396,5,5A,CA,376000,lbs
1974,396,5,5A,CA,107000,lbs
1975,396,5,5A,CA,202000,lbs
1950,396,5,5A,US,30000,lbs
1951,396,5,5A,US,35000,lbs
1952,396,5,5A,US,90000,lbs
1953,396,5,5A,US,164000,lbs
1954,396,5,5A,US,242000,lbs
1955,396,5,5A,US,361000,lbs
1956,396,5,5A,US,870000,lbs
1957,396,5,5A,US,705000,lbs
1958,396,5,5A,US,467000,lbs
1959,396,5,5A,US,3132000,lbs
1960,396,5,5A,US,1597000,lbs
1961,396,5,5A,US,917000,lbs
1962,396,5,5A,US,1006000,lbs
1963,396,5,5A,US,2201000,lbs
1964,396,5,5A,US,3407000,lbs
1965,396,5,5A,US,4059000,lbs
1966,396,5,5A,US,4860000,lbs
1967,396,5,5A,US,2150000,lbs
1968,396,5,5A,US,3554000,lbs
1969,396,5,5A,US,3182000,lbs
1970,396,5,5A,US,3323000,lbs
1971,396,5,5A,US,2314000,lbs
1972,396,5,5A,US,2572000,lbs
1973,396,5,5A,US,941000,lbs
1974,396,5,5A,US,665000,lbs
1975,396,5,5A,US,400000,lbs
1953,396,6,5B,CA,407000,lbs
1954,396,6,5B,CA,475000,lbs
1955,396,6,5B,CA,23000,lbs
1956,396,6,5B,CA,286000,lbs
1957,396,6,5B,CA,180000,lbs
1958,396,6,5B,CA,562000,lbs
1959,396,6,5B,CA,130000,lbs
1960,396,6,5B,CA,765000,lbs
1961,396,6,5B,CA,228000,lbs
1962,396,6,5B,CA,1164000,lbs
1963,396,6,5B,CA,966000,lbs
1964,396,6,5B,CA,717000,lbs
1965,396,6,5B,CA,2022000,lbs
1966,396,6,5B,CA,3484000,lbs
1967,396,6,5B,CA,500000,lbs
1968,396,6,5B,CA,1607000,lbs
1969,396,6,5B,CA,2001000,lbs
1970,396,6,5B,CA,1695000,lbs
1971,396,6,5B,CA,1918000,lbs
1972,396,6,5B,CA,3501000,lbs
1973,396,6,5B,CA,2623000,lbs
1974,396,6,5B,CA,3190000,lbs
1975,396,6,5B,CA,3835000,lbs
1950,396,6,5B,US,274000,lbs
1951,396,6,5B,US,334000,lbs
1952,396,6,5B,US,452000,lbs
1953,396,6,5B,US,1560000,lbs
1954,396,6,5B,US,4884000,lbs
1955,396,6,5B,US,856000,lbs
1956,396,6,5B,US,1742000,lbs
1957,396,6,5B,US,1403000,lbs
1958,396,6,5B,US,880000,lbs
1959,396,6,5B,US,541000,lbs
1960,396,6,5B,US,1317000,lbs
1961,396,6,5B,US,1467000,lbs
1962,396,6,5B,US,1874000,lbs
1963,396,6,5B,US,4989000,lbs
1964,396,6,5B,US,3401000,lbs
1965,396,6,5B,US,3663000,lbs
1966,396,6,5B,US,8131000,lbs
1967,396,6,5B,US,9669000,lbs
1968,396,6,5B,US,7853000,lbs
1969,396,6,5B,US,8122000,lbs
1970,396,6,5B,US,6191000,lbs
1971,396,6,5B,US,4444000,lbs
1972,396,6,5B,US,4847000,lbs
1973,396,6,5B,US,4053000,lbs
1974,396,6,5B,US,4091000,lbs
1975,396,6,5B,US,1528000,lbs
1956,396,7,5C,CA,27000,lbs
1958,396,7,5C,CA,9000,lbs
1965,396,7,5C,CA,2000,lbs
1966,396,7,5C,CA,1000,lbs
1973,396,7,5C,CA,52000,lbs
1974,396,7,5C,CA,34000,lbs
1975,396,7,5C,CA,302000,lbs
1955,396,7,5C,US,2000,lbs
1956,396,7,5C,US,132000,lbs
1957,396,7,5C,US,10000,lbs
1958,396,7,5C,US,25000,lbs
1959,396,7,5C,US,5000,lbs
1960,396,7,5C,US,65000,lbs
1963,396,7,5C,US,55000,lbs
1964,396,7,5C,US,29000,lbs
1965,396,7,5C,US,109000,lbs
1967,396,7,5C,US,75000,lbs
1970,396,7,5C,US,1000,lbs
1955,396,8,5D,CA,5000,lbs
1956,396,8,5D,CA,2000,lbs
1957,396,8,5D,CA,4000,lbs
1963,396,8,5D,CA,2000,lbs
1964,396,8,5D,CA,12000,lbs
1966,396,8,5D,CA,2000,lbs
1967,396,8,5D,CA,1000,lbs
1969,396,8,5D,CA,1000,lbs
1970,396,8,5D,CA,57000,lbs
1971,396,8,5D,CA,17000,lbs
1972,396,8,5D,CA,30000,lbs
1973,396,8,5D,CA,33000,lbs
1974,396,8,5D,CA,33000,lbs
1975,396,8,5D,CA,147000,lbs
1955,396,8,5D,US,2000,lbs
1958,396,8,5D,US,12000,lbs
1961,396,8,5D,US,1000,lbs
1963,396,8,5D,US,1000,lbs
1958,621,2,3B,CA,3000,lbs
1967,621,2,3B,CA,1000,lbs
1950,621,2,3B,US,2000,lbs
1951,621,2,3B,US,2000,lbs
1952,621,2,3B,US,2000,lbs
1953,621,2,3B,US,1000,lbs
1954,621,2,3B,US,3000,lbs
1960,621,2,3B,US,4000,lbs
1961,621,2,3B,US,2000,lbs
1964,621,2,3B,US,7000,lbs
1967,621,2,3B,US,4000,lbs
1969,621,2,3B,US,1000,lbs
1970,621,2,3B,US,5000,lbs
1973,621,2,3B,US,2000,lbs
1974,621,2,3B,US,1000,lbs
1975,621,2,3B,US,1000,lbs
1950,621,3,3C,CA,99000,lbs
1951,621,3,3C,CA,106000,lbs
1952,621,3,3C,CA,102000,lbs
1953,621,3,3C,CA,64000,lbs
1954,621,3,3C,CA,170000,lbs
1955,621,3,3C,CA,138000,lbs
1956,621,3,3C,CA,82000,lbs
1957,621,3,3C,CA,89000,lbs
1958,621,3,3C,CA,49000,lbs
1959,621,3,3C,CA,50000,lbs
1960,621,3,3C,CA,102000,lbs
1961,621,3,3C,CA,108000,lbs
1962,621,3,3C,CA,93000,lbs
1963,621,3,3C,CA,95000,lbs
1964,621,3,3C,CA,120000,lbs
1965,621,3,3C,CA,174000,lbs
1966,621,3,3C,CA,314000,lbs
1967,621,3,3C,CA,224000,lbs
1968,621,3,3C,CA,143000,lbs
1969,621,3,3C,CA,153000,lbs
1970,621,3,3C,CA,131000,lbs
1971,621,3,3C,CA,204000,lbs
1972,621,3,3C,CA,380000,lbs
1973,621,3,3C,CA,315000,lbs
1974,621,3,3C,CA,263000,lbs
1975,621,3,3C,CA,238000,lbs
1956,621,3,3C,US,3000,lbs
1957,621,3,3C,US,41000,lbs
1958,621,3,3C,US,2000,lbs
1959,621,3,3C,US,88000,lbs
1960,621,3,3C,US,122000,lbs
1961,621,3,3C,US,47000,lbs
1962,621,3,3C,US,185000,lbs
1963,621,3,3C,US,90000,lbs
1964,621,3,3C,US,48000,lbs
1965,621,3,3C,US,97000,lbs
1966,621,3,3C,US,72000,lbs
1967,621,3,3C,US,159000,lbs
1968,621,3,3C,US,69000,lbs
1969,621,3,3C,US,37000,lbs
1970,621,3,3C,US,17000,lbs
1971,621,3,3C,US,88000,lbs
1972,621,3,3C,US,79000,lbs
1973,621,3,3C,US,27000,lbs
1974,621,3,3C,US,35000,lbs
1975,621,3,3C,US,37000,lbs
1950,621,4,3D,CA,46000,lbs
1951,621,4,3D,CA,68000,lbs
1952,621,4,3D,CA,69000,lbs
1953,621,4,3D,CA,3000,lbs
1954,621,4,3D,CA,56000,lbs
1955,621,4,3D,CA,124000,lbs
1956,621,4,3D,CA,112000,lbs
1957,621,4,3D,CA,56000,lbs
1958,621,4,3D,CA,75000,lbs
1959,621,4,3D,CA,8000,lbs
1960,621,4,3D,CA,6000,lbs
1961,621,4,3D,CA,16000,lbs
1962,621,4,3D,CA,140000,lbs
1963,621,4,3D,CA,31000,lbs
1964,621,4,3D,CA,114000,lbs
1965,621,4,3D,CA,138000,lbs
1966,621,4,3D,CA,130000,lbs
1967,621,4,3D,CA,116000,lbs
1968,621,4,3D,CA,104000,lbs
1969,621,4,3D,CA,107000,lbs
1970,621,4,3D,CA,94000,lbs
1971,621,4,3D,CA,45000,lbs
1972,621,4,3D,CA,6000,lbs
1973,621,4,3D,CA,34000,lbs
1974,621,4,3D,CA,64000,lbs
1975,621,4,3D,CA,86000,lbs
1956,621,4,3D,US,6000,lbs
1958,621,4,3D,US,9000,lbs
1959,621,4,3D,US,2000,lbs
1960,621,4,3D,US,9000,lbs
1961,621,4,3D,US,1000,lbs
1962,621,4,3D,US,2000,lbs
1965,621,4,3D,US,2000,lbs
1968,621,4,3D,US,21000,lbs
1969,621,4,3D,US,13000,lbs
1971,621,4,3D,US,4000,lbs
1973,621,4,3D,US,1000,lbs
1950,621,68,4A,US,59000,lbs
1951,621,68,4A,US,57000,lbs
1952,621,68,4A,US,62000,lbs
1953,621,68,4A,US,44000,lbs
1954,621,68,4A,US,35000,lbs
1955,621,68,4A,US,79000,lbs
1956,621,68,4A,US,87000,lbs
1957,621,68,4A,US,52000,lbs
1958,621,68,4A,US,73000,lbs
1959,621,68,4A,US,60000,lbs
1960,621,68,4A,US,84000,lbs
1961,621,68,4A,US,91000,lbs
1962,621,68,4A,US,36000,lbs
1963,621,68,4A,US,25000,lbs
1964,621,68,4A,US,26000,lbs
1965,621,68,4A,US,31000,lbs
1966,621,68,4A,US,30000,lbs
1967,621,68,4A,US,74000,lbs
1968,621,68,4A,US,30000,lbs
1969,621,68,4A,US,40000,lbs
1970,621,68,4A,US,53000,lbs
1971,621,68,4A,US,64000,lbs
1972,621,68,4A,US,65000,lbs
1973,621,68,4A,US,220000,lbs
1974,621,68,4A,US,164000,lbs
1975,621,68,4A,US,154000,lbs
1950,621,1,4B,CA,86000,lbs
1951,621,1,4B,CA,144000,lbs
1952,621,1,4B,CA,138000,lbs
1953,621,1,4B,CA,143000,lbs
1954,621,1,4B,CA,157000,lbs
1955,621,1,4B,CA,76000,lbs
1956,621,1,4B,CA,152000,lbs
1957,621,1,4B,CA,154000,lbs
1958,621,1,4B,CA,129000,lbs
1959,621,1,4B,CA,88000,lbs
1960,621,1,4B,CA,114000,lbs
1961,621,1,4B,CA,126000,lbs
1962,621,1,4B,CA,158000,lbs
1963,621,1,4B,CA,95000,lbs
1964,621,1,4B,CA,115000,lbs
1965,621,1,4B,CA,112000,lbs
1966,621,1,4B,CA,67000,lbs
1967,621,1,4B,CA,26000,lbs
1968,621,1,4B,CA,61000,lbs
1969,621,1,4B,CA,69000,lbs
1970,621,1,4B,CA,59000,lbs
1971,621,1,4B,CA,30000,lbs
1972,621,1,4B,CA,50000,lbs
1973,621,1,4B,CA,86000,lbs
1974,621,1,4B,CA,38000,lbs
1975,621,1,4B,CA,95000,lbs
1950,621,5,5A,CA,360000,lbs
1951,621,5,5A,CA,122000,lbs
1952,621,5,5A,CA,352000,lbs
1953,621,5,5A,CA,116000,lbs
1954,621,5,5A,CA,71000,lbs
1955,621,5,5A,CA,135000,lbs
1956,621,5,5A,CA,939000,lbs
1957,621,5,5A,CA,1062000,lbs
1958,621,5,5A,CA,1034000,lbs
1959,621,5,5A,CA,366000,lbs
1960,621,5,5A,CA,713000,lbs
1961,621,5,5A,CA,436000,lbs
1962,621,5,5A,CA,364000,lbs
1963,621,5,5A,CA,242000,lbs
1964,621,5,5A,CA,291000,lbs
1965,621,5,5A,CA,232000,lbs
1966,621,5,5A,CA,476000,lbs
1967,621,5,5A,CA,482000,lbs
1968,621,5,5A,CA,849000,lbs
1969,621,5,5A,CA,458000,lbs
1970,621,5,5A,CA,332000,lbs
1971,621,5,5A,CA,248000,lbs
1972,621,5,5A,CA,99000,lbs
1973,621,5,5A,CA,92000,lbs
1974,621,5,5A,CA,119000,lbs
1975,621,5,5A,CA,78000,lbs
1950,621,5,5A,US,59000,lbs
1951,621,5,5A,US,61000,lbs
1952,621,5,5A,US,67000,lbs
1953,621,5,5A,US,47000,lbs
1954,621,5,5A,US,43000,lbs
1955,621,5,5A,US,96000,lbs
1956,621,5,5A,US,274000,lbs
1957,621,5,5A,US,63000,lbs
1958,621,5,5A,US,72000,lbs
1959,621,5,5A,US,101000,lbs
1960,621,5,5A,US,162000,lbs
1961,621,5,5A,US,86000,lbs
1962,621,5,5A,US,68000,lbs
1963,621,5,5A,US,113000,lbs
1964,621,5,5A,US,54000,lbs
1965,621,5,5A,US,114000,lbs
1966,621,5,5A,US,151000,lbs
1967,621,5,5A,US,74000,lbs
1968,621,5,5A,US,111000,lbs
1969,621,5,5A,US,187000,lbs
1970,621,5,5A,US,35000,lbs
1971,621,5,5A,US,49000,lbs
1972,621,5,5A,US,28000,lbs
1973,621,5,5A,US,33000,lbs
1974,621,5,5A,US,43000,lbs
1975,621,5,5A,US,4000,lbs
1950,621,6,5B,CA,87000,lbs
1951,621,6,5B,CA,241000,lbs
1952,621,6,5B,CA,235000,lbs
1953,621,6,5B,CA,86000,lbs
1954,621,6,5B,CA,187000,lbs
1955,621,6,5B,CA,287000,lbs
1956,621,6,5B,CA,592000,lbs
1957,621,6,5B,CA,389000,lbs
1958,621,6,5B,CA,700000,lbs
1959,621,6,5B,CA,679000,lbs
1960,621,6,5B,CA,858000,lbs
1961,621,6,5B,CA,594000,lbs
1962,621,6,5B,CA,779000,lbs
1963,621,6,5B,CA,616000,lbs
1964,621,6,5B,CA,377000,lbs
1965,621,6,5B,CA,520000,lbs
1966,621,6,5B,CA,607000,lbs
1967,621,6,5B,CA,365000,lbs
1968,621,6,5B,CA,332000,lbs
1969,621,6,5B,CA,549000,lbs
1970,621,6,5B,CA,203000,lbs
1971,621,6,5B,CA,415000,lbs
1972,621,6,5B,CA,460000,lbs
1973,621,6,5B,CA,152000,lbs
1974,621,6,5B,CA,228000,lbs
1975,621,6,5B,CA,568000,lbs
1950,621,6,5B,US,234000,lbs
1951,621,6,5B,US,245000,lbs
1952,621,6,5B,US,267000,lbs
1953,621,6,5B,US,188000,lbs
1954,621,6,5B,US,256000,lbs
1955,621,6,5B,US,301000,lbs
1956,621,6,5B,US,92000,lbs
1957,621,6,5B,US,54000,lbs
1958,621,6,5B,US,132000,lbs
1959,621,6,5B,US,80000,lbs
1960,621,6,5B,US,252000,lbs
1961,621,6,5B,US,322000,lbs
1962,621,6,5B,US,392000,lbs
1963,621,6,5B,US,524000,lbs
1964,621,6,5B,US,685000,lbs
1965,621,6,5B,US,732000,lbs
1966,621,6,5B,US,1095000,lbs
1967,621,6,5B,US,1269000,lbs
1968,621,6,5B,US,531000,lbs
1969,621,6,5B,US,889000,lbs
1970,621,6,5B,US,338000,lbs
1971,621,6,5B,US,396000,lbs
1972,621,6,5B,US,383000,lbs
1973,621,6,5B,US,563000,lbs
1974,621,6,5B,US,590000,lbs
1975,621,6,5B,US,346000,lbs
1950,621,7,5C,CA,17000,lbs
1951,621,7,5C,CA,371000,lbs
1952,621,7,5C,CA,193000,lbs
1953,621,7,5C,CA,445000,lbs
1954,621,7,5C,CA,100000,lbs
1955,621,7,5C,CA,235000,lbs
1956,621,7,5C,CA,837000,lbs
1957,621,7,5C,CA,1601000,lbs
1958,621,7,5C,CA,757000,lbs
1959,621,7,5C,CA,349000,lbs
1960,621,7,5C,CA,835000,lbs
1961,621,7,5C,CA,211000,lbs
1962,621,7,5C,CA,637000,lbs
1963,621,7,5C,CA,305000,lbs
1964,621,7,5C,CA,527000,lbs
1965,621,7,5C,CA,1152000,lbs
1966,621,7,5C,CA,2171000,lbs
1967,621,7,5C,CA,1803000,lbs
1968,621,7,5C,CA,1828000,lbs
1969,621,7,5C,CA,2336000,lbs
1970,621,7,5C,CA,1610000,lbs
1971,621,7,5C,CA,915000,lbs
1972,621,7,5C,CA,358000,lbs
1973,621,7,5C,CA,451000,lbs
1974,621,7,5C,CA,629000,lbs
1975,621,7,5C,CA,952000,lbs
1950,621,7,5C,US,131000,lbs
1951,621,7,5C,US,137000,lbs
1952,621,7,5C,US,150000,lbs
1953,621,7,5C,US,105000,lbs
1954,621,7,5C,US,46000,lbs
1955,621,7,5C,US,267000,lbs
1956,621,7,5C,US,53000,lbs
1957,621,7,5C,US,22000,lbs
1958,621,7,5C,US,65000,lbs
1959,621,7,5C,US,200000,lbs
1960,621,7,5C,US,204000,lbs
1961,621,7,5C,US,31000,lbs
1962,621,7,5C,US,72000,lbs
1963,621,7,5C,US,35000,lbs
1964,621,7,5C,US,10000,lbs
1965,621,7,5C,US,37000,lbs
1966,621,7,5C,US,24000,lbs
1967,621,7,5C,US,346000,lbs
1968,621,7,5C,US,11000,lbs
1969,621,7,5C,US,1000,lbs
1970,621,7,5C,US,4000,lbs
1950,621,8,5D,CA,1454000,lbs
1951,621,8,5D,CA,2495000,lbs
1952,621,8,5D,CA,4909000,lbs
1953,621,8,5D,CA,1067000,lbs
1954,621,8,5D,CA,2026000,lbs
1955,621,8,5D,CA,2666000,lbs
1956,621,8,5D,CA,1461000,lbs
1957,621,8,5D,CA,849000,lbs
1958,621,8,5D,CA,1819000,lbs
1959,621,8,5D,CA,365000,lbs
1960,621,8,5D,CA,1420000,lbs
1961,621,8,5D,CA,1396000,lbs
1962,621,8,5D,CA,1092000,lbs
1963,621,8,5D,CA,1593000,lbs
1964,621,8,5D,CA,1094000,lbs
1965,621,8,5D,CA,749000,lbs
1966,621,8,5D,CA,3369000,lbs
1967,621,8,5D,CA,2631000,lbs
1968,621,8,5D,CA,3424000,lbs
1969,621,8,5D,CA,2982000,lbs
1970,621,8,5D,CA,1475000,lbs
1971,621,8,5D,CA,2451000,lbs
1972,621,8,5D,CA,758000,lbs
1973,621,8,5D,CA,660000,lbs
1974,621,8,5D,CA,740000,lbs
1975,621,8,5D,CA,1826000,lbs
1950,621,8,5D,US,126000,lbs
1951,621,8,5D,US,131000,lbs
1952,621,8,5D,US,143000,lbs
1953,621,8,5D,US,101000,lbs
1954,621,8,5D,US,76000,lbs
1955,621,8,5D,US,221000,lbs
1956,621,8,5D,US,201000,lbs
1957,621,8,5D,US,82000,lbs
1958,621,8,5D,US,127000,lbs
1959,621,8,5D,US,3000,lbs
1960,621,8,5D,US,26000,lbs
1961,621,8,5D,US,2000,lbs
1962,621,8,5D,US,26000,lbs
1963,621,8,5D,US,4000,lbs
1964,621,8,5D,US,7000,lbs
1966,621,8,5D,US,6000,lbs
1967,621,8,5D,US,1000,lbs
1968,621,8,5D,US,5000,lbs
1957,628,2,3B,CA,1000,lbs
1958,628,2,3B,CA,6000,lbs
1960,628,2,3B,CA,14000,lbs
1961,628,2,3B,CA,12000,lbs
1962,628,2,3B,CA,99000,lbs
1963,628,2,3B,CA,60000,lbs
1964,628,2,3B,CA,28000,lbs
1967,628,2,3B,CA,5000,lbs
1968,628,2,3B,CA,41000,lbs
1969,628,2,3B,CA,2000,lbs
1970,628,2,3B,CA,5000,lbs
1950,628,2,3B,US,1771000,lbs
1951,628,2,3B,US,1851000,lbs
1952,628,2,3B,US,2018000,lbs
1953,628,2,3B,US,1421000,lbs
1954,628,2,3B,US,2314000,lbs
1955,628,2,3B,US,1887000,lbs
1956,628,2,3B,US,1933000,lbs
1957,628,2,3B,US,1517000,lbs
1958,628,2,3B,US,2248000,lbs
1959,628,2,3B,US,3176000,lbs
1960,628,2,3B,US,2804000,lbs
1961,628,2,3B,US,2190000,lbs
1962,628,2,3B,US,1393000,lbs
1963,628,2,3B,US,1743000,lbs
1964,628,2,3B,US,1688000,lbs
1965,628,2,3B,US,2025000,lbs
1966,628,2,3B,US,1728000,lbs
1967,628,2,3B,US,1663000,lbs
1968,628,2,3B,US,2428000,lbs
1969,628,2,3B,US,1329000,lbs
1970,628,2,3B,US,589000,lbs
1971,628,2,3B,US,317000,lbs
1972,628,2,3B,US,633000,lbs
1973,628,2,3B,US,928000,lbs
1974,628,2,3B,US,836000,lbs
1975,628,2,3B,US,1086000,lbs
1950,628,3,3C,CA,54000,lbs
1951,628,3,3C,CA,29000,lbs
1952,628,3,3C,CA,64000,lbs
1953,628,3,3C,CA,41000,lbs
1954,628,3,3C,CA,52000,lbs
1955,628,3,3C,CA,67000,lbs
1956,628,3,3C,CA,36000,lbs
1957,628,3,3C,CA,13000,lbs
1958,628,3,3C,CA,25000,lbs
1959,628,3,3C,CA,15000,lbs
1960,628,3,3C,CA,17000,lbs
1961,628,3,3C,CA,45000,lbs
1962,628,3,3C,CA,57000,lbs
1963,628,3,3C,CA,55000,lbs
1964,628,3,3C,CA,49000,lbs
1965,628,3,3C,CA,46000,lbs
1966,628,3,3C,CA,23000,lbs
1967,628,3,3C,CA,53000,lbs
1968,628,3,3C,CA,14000,lbs
1969,628,3,3C,CA,30000,lbs
1970,628,3,3C,CA,52000,lbs
1971,628,3,3C,CA,33000,lbs
1972,628,3,3C,CA,29000,lbs
1973,628,3,3C,CA,21000,lbs
1974,628,3,3C,CA,95000,lbs
1975,628,3,3C,CA,104000,lbs
1950,628,3,3C,US,32000,lbs
1951,628,3,3C,US,34000,lbs
1952,628,3,3C,US,37000,lbs
1953,628,3,3C,US,26000,lbs
1954,628,3,3C,US,15000,lbs
1955,628,3,3C,US,41000,lbs
1956,628,3,3C,US,11000,lbs
1957,628,3,3C,US,61000,lbs
1958,628,3,3C,US,21000,lbs
1959,628,3,3C,US,22000,lbs
1960,628,3,3C,US,42000,lbs
1961,628,3,3C,US,65000,lbs
1962,628,3,3C,US,28000,lbs
1963,628,3,3C,US,52000,lbs
1964,628,3,3C,US,45000,lbs
1965,628,3,3C,US,54000,lbs
1966,628,3,3C,US,61000,lbs
1967,628,3,3C,US,35000,lbs
1968,628,3,3C,US,31000,lbs
1969,628,3,3C,US,23000,lbs
1970,628,3,3C,US,20000,lbs
1971,628,3,3C,US,24000,lbs
1972,628,3,3C,US,18000,lbs
1973,628,3,3C,US,23000,lbs
1974,628,3,3C,US,72000,lbs
1975,628,3,3C,US,210000,lbs
1950,628,4,3D,CA,1000,lbs
1951,628,4,3D,CA,1000,lbs
1952,628,4,3D,CA,1000,lbs
1953,628,4,3D,CA,1000,lbs
1954,628,4,3D,CA,5000,lbs
1955,628,4,3D,CA,9000,lbs
1956,628,4,3D,CA,7000,lbs
1958,628,4,3D,CA,1000,lbs
1960,628,4,3D,CA,2000,lbs
1961,628,4,3D,CA,1000,lbs
1962,628,4,3D,CA,4000,lbs
1963,628,4,3D,CA,6000,lbs
1964,628,4,3D,CA,2000,lbs
1966,628,4,3D,CA,1000,lbs
1967,628,4,3D,CA,2000,lbs
1968,628,4,3D,CA,3000,lbs
1969,628,4,3D,CA,2000,lbs
1971,628,4,3D,CA,2000,lbs
1975,628,4,3D,CA,9000,lbs
1950,628,4,3D,US,10000,lbs
1951,628,4,3D,US,11000,lbs
1952,628,4,3D,US,12000,lbs
1953,628,4,3D,US,8000,lbs
1954,628,4,3D,US,5000,lbs
1955,628,4,3D,US,21000,lbs
1956,628,4,3D,US,10000,lbs
1957,628,4,3D,US,12000,lbs
1958,628,4,3D,US,20000,lbs
1959,628,4,3D,US,2000,lbs
1960,628,4,3D,US,23000,lbs
1961,628,4,3D,US,24000,lbs
1962,628,4,3D,US,10000,lbs
1963,628,4,3D,US,6000,lbs
1964,628,4,3D,US,5000,lbs
1965,628,4,3D,US,10000,lbs
1966,628,4,3D,US,13000,lbs
1967,628,4,3D,US,8000,lbs
1968,628,4,3D,US,12000,lbs
1969,628,4,3D,US,8000,lbs
1970,628,4,3D,US,5000,lbs
1971,628,4,3D,US,2000,lbs
1972,628,4,3D,US,4000,lbs
1973,628,4,3D,US,8000,lbs
1974,628,4,3D,US,14000,lbs
1975,628,4,3D,US,8000,lbs
1950,628,68,4A,US,42000,lbs
1951,628,68,4A,US,953000,lbs
1952,628,68,4A,US,1039000,lbs
1953,628,68,4A,US,731000,lbs
1954,628,68,4A,US,1184000,lbs
1955,628,68,4A,US,1059000,lbs
1956,628,68,4A,US,1100000,lbs
1957,628,68,4A,US,1564000,lbs
1958,628,68,4A,US,1517000,lbs
1959,628,68,4A,US,1637000,lbs
1960,628,68,4A,US,2055000,lbs
1961,628,68,4A,US,1085000,lbs
1962,628,68,4A,US,1189000,lbs
1963,628,68,4A,US,1567000,lbs
1964,628,68,4A,US,2239000,lbs
1965,628,68,4A,US,2241000,lbs
1966,628,68,4A,US,1867000,lbs
1967,628,68,4A,US,1230000,lbs
1968,628,68,4A,US,1226000,lbs
1969,628,68,4A,US,1633000,lbs
1970,628,68,4A,US,1309000,lbs
1971,628,68,4A,US,984000,lbs
1972,628,68,4A,US,1139000,lbs
1973,628,68,4A,US,1565000,lbs
1974,628,68,4A,US,1302000,lbs
1975,628,68,4A,US,960000,lbs
1950,628,1,4B,CA,434000,lbs
1951,628,1,4B,CA,686000,lbs
1952,628,1,4B,CA,841000,lbs
1953,628,1,4B,CA,543000,lbs
1954,628,1,4B,CA,540000,lbs
1955,628,1,4B,CA,497000,lbs
1956,628,1,4B,CA,427000,lbs
1957,628,1,4B,CA,457000,lbs
1958,628,1,4B,CA,361000,lbs
1959,628,1,4B,CA,336000,lbs
1960,628,1,4B,CA,383000,lbs
1961,628,1,4B,CA,374000,lbs
1962,628,1,4B,CA,419000,lbs
1963,628,1,4B,CA,443000,lbs
1964,628,1,4B,CA,552000,lbs
1965,628,1,4B,CA,478000,lbs
1966,628,1,4B,CA,408000,lbs
1967,628,1,4B,CA,340000,lbs
1968,628,1,4B,CA,321000,lbs
1969,628,1,4B,CA,377000,lbs
1970,628,1,4B,CA,353000,lbs
1971,628,1,4B,CA,322000,lbs
1972,628,1,4B,CA,236000,lbs
1973,628,1,4B,CA,208000,lbs
1974,628,1,4B,CA,253000,lbs
1975,628,1,4B,CA,235000,lbs
1950,628,5,5A,CA,6000,lbs
1951,628,5,5A,CA,16000,lbs
1952,628,5,5A,CA,71000,lbs
1953,628,5,5A,CA,20000,lbs
1954,628,5,5A,CA,53000,lbs
1955,628,5,5A,CA,12000,lbs
1956,628,5,5A,CA,12000,lbs
1957,628,5,5A,CA,9000,lbs
1958,628,5,5A,CA,9000,lbs
1959,628,5,5A,CA,21000,lbs
1960,628,5,5A,CA,41000,lbs
1961,628,5,5A,CA,11000,lbs
1962,628,5,5A,CA,29000,lbs
1963,628,5,5A,CA,13000,lbs
1964,628,5,5A,CA,17000,lbs
1965,628,5,5A,CA,11000,lbs
1966,628,5,5A,CA,7000,lbs
1967,628,5,5A,CA,12000,lbs
1968,628,5,5A,CA,1000,lbs
1969,628,5,5A,CA,6000,lbs
1970,628,5,5A,CA,10000,lbs
1971,628,5,5A,CA,2000,lbs
1972,628,5,5A,CA,1000,lbs
1973,628,5,5A,CA,1000,lbs
1974,628,5,5A,CA,11000,lbs
1975,628,5,5A,CA,3000,lbs
1950,628,5,5A,US,42000,lbs
1951,628,5,5A,US,44000,lbs
1952,628,5,5A,US,48000,lbs
1953,628,5,5A,US,34000,lbs
1954,628,5,5A,US,35000,lbs
1955,628,5,5A,US,69000,lbs
1956,628,5,5A,US,87000,lbs
1957,628,5,5A,US,44000,lbs
1958,628,5,5A,US,68000,lbs
1959,628,5,5A,US,56000,lbs
1960,628,5,5A,US,63000,lbs
1961,628,5,5A,US,40000,lbs
1962,628,5,5A,US,41000,lbs
1963,628,5,5A,US,52000,lbs
1964,628,5,5A,US,39000,lbs
1965,628,5,5A,US,26000,lbs
1966,628,5,5A,US,62000,lbs
1967,628,5,5A,US,47000,lbs
1968,628,5,5A,US,30000,lbs
1969,628,5,5A,US,31000,lbs
1970,628,5,5A,US,14000,lbs
1971,628,5,5A,US,11000,lbs
1972,628,5,5A,US,6000,lbs
1973,628,5,5A,US,29000,lbs
1974,628,5,5A,US,35000,lbs
1975,628,5,5A,US,17000,lbs
1950,628,6,5B,CA,37000,lbs
1951,628,6,5B,CA,47000,lbs
1952,628,6,5B,CA,57000,lbs
1953,628,6,5B,CA,42000,lbs
1954,628,6,5B,CA,41000,lbs
1955,628,6,5B,CA,15000,lbs
1956,628,6,5B,CA,19000,lbs
1957,628,6,5B,CA,24000,lbs
1958,628,6,5B,CA,14000,lbs
1959,628,6,5B,CA,27000,lbs
1960,628,6,5B,CA,18000,lbs
1961,628,6,5B,CA,27000,lbs
1962,628,6,5B,CA,18000,lbs
1963,628,6,5B,CA,13000,lbs
1964,628,6,5B,CA,6000,lbs
1965,628,6,5B,CA,1000,lbs
1966,628,6,5B,CA,7000,lbs
1967,628,6,5B,CA,7000,lbs
1971,628,6,5B,CA,5000,lbs
1972,628,6,5B,CA,1000,lbs
1973,628,6,5B,CA,3000,lbs
1974,628,6,5B,CA,3000,lbs
1975,628,6,5B,CA,3000,lbs
1950,628,6,5B,US,91000,lbs
1951,628,6,5B,US,95000,lbs
1952,628,6,5B,US,103000,lbs
1953,628,6,5B,US,73000,lbs
1954,628,6,5B,US,108000,lbs
1955,628,6,5B,US,111000,lbs
1956,628,6,5B,US,57000,lbs
1957,628,6,5B,US,56000,lbs
1958,628,6,5B,US,45000,lbs
1959,628,6,5B,US,11000,lbs
1960,628,6,5B,US,48000,lbs
1961,628,6,5B,US,40000,lbs
1962,628,6,5B,US,75000,lbs
1963,628,6,5B,US,77000,lbs
1964,628,6,5B,US,28000,lbs
1965,628,6,5B,US,48000,lbs
1966,628,6,5B,US,42000,lbs
1967,628,6,5B,US,68000,lbs
1968,628,6,5B,US,53000,lbs
1969,628,6,5B,US,56000,lbs
1970,628,6,5B,US,17000,lbs
1971,628,6,5B,US,8000,lbs
1972,628,6,5B,US,31000,lbs
1973,628,6,5B,US,21000,lbs
1974,628,6,5B,US,40000,lbs
1975,628,6,5B,US,22000,lbs
1950,628,7,5C,CA,16000,lbs
1951,628,7,5C,CA,48000,lbs
1952,628,7,5C,CA,13000,lbs
1954,628,7,5C,CA,18000,lbs
1955,628,7,5C,CA,12000,lbs
1956,628,7,5C,CA,18000,lbs
1957,628,7,5C,CA,25000,lbs
1958,628,7,5C,CA,14000,lbs
1959,628,7,5C,CA,65000,lbs
1960,628,7,5C,CA,111000,lbs
1961,628,7,5C,CA,11000,lbs
1962,628,7,5C,CA,45000,lbs
1963,628,7,5C,CA,13000,lbs
1964,628,7,5C,CA,27000,lbs
1965,628,7,5C,CA,48000,lbs
1966,628,7,5C,CA,71000,lbs
1967,628,7,5C,CA,45000,lbs
1968,628,7,5C,CA,82000,lbs
1969,628,7,5C,CA,204000,lbs
1970,628,7,5C,CA,176000,lbs
1971,628,7,5C,CA,16000,lbs
1972,628,7,5C,CA,39000,lbs
1973,628,7,5C,CA,156000,lbs
1974,628,7,5C,CA,90000,lbs
1975,628,7,5C,CA,28000,lbs
1950,628,7,5C,US,21000,lbs
1951,628,7,5C,US,22000,lbs
1952,628,7,5C,US,24000,lbs
1953,628,7,5C,US,17000,lbs
1954,628,7,5C,US,37000,lbs
1955,628,7,5C,US,15000,lbs
1956,628,7,5C,US,43000,lbs
1957,628,7,5C,US,54000,lbs
1958,628,7,5C,US,39000,lbs
1959,628,7,5C,US,20000,lbs
1960,628,7,5C,US,40000,lbs
1961,628,7,5C,US,1000,lbs
1962,628,7,5C,US,6000,lbs
1963,628,7,5C,US,74000,lbs
1964,628,7,5C,US,5000,lbs
1965,628,7,5C,US,2000,lbs
1966,628,7,5C,US,1000,lbs
1967,628,7,5C,US,16000,lbs
1968,628,7,5C,US,1000,lbs
1969,628,7,5C,US,4000,lbs
1970,628,7,5C,US,4000,lbs
1950,628,8,5D,CA,4727000,lbs
1951,628,8,5D,CA,1334000,lbs
1952,628,8,5D,CA,1449000,lbs
1953,628,8,5D,CA,1694000,lbs
1954,628,8,5D,CA,660000,lbs
1955,628,8,5D,CA,981000,lbs
1956,628,8,5D,CA,1488000,lbs
1957,628,8,5D,CA,551000,lbs
1958,628,8,5D,CA,890000,lbs
1959,628,8,5D,CA,1201000,lbs
1960,628,8,5D,CA,1555000,lbs
1961,628,8,5D,CA,1592000,lbs
1962,628,8,5D,CA,885000,lbs
1963,628,8,5D,CA,692000,lbs
1964,628,8,5D,CA,766000,lbs
1965,628,8,5D,CA,751000,lbs
1966,628,8,5D,CA,725000,lbs
1967,628,8,5D,CA,987000,lbs
1968,628,8,5D,CA,1386000,lbs
1969,628,8,5D,CA,1577000,lbs
1970,628,8,5D,CA,2018000,lbs
1971,628,8,5D,CA,1055000,lbs
1972,628,8,5D,CA,778000,lbs
1973,628,8,5D,CA,1239000,lbs
1974,628,8,5D,CA,1009000,lbs
1975,628,8,5D,CA,2035000,lbs
1950,628,8,5D,US,1016000,lbs
1951,628,8,5D,US,853000,lbs
1952,628,8,5D,US,1483000,lbs
1953,628,8,5D,US,549000,lbs
1954,628,8,5D,US,696000,lbs
1955,628,8,5D,US,922000,lbs
1956,628,8,5D,US,500000,lbs
1957,628,8,5D,US,625000,lbs
1958,628,8,5D,US,526000,lbs
1959,628,8,5D,US,785000,lbs
1960,628,8,5D,US,824000,lbs
1961,628,8,5D,US,315000,lbs
1962,628,8,5D,US,77000,lbs
1963,628,8,5D,US,121000,lbs
1964,628,8,5D,US,159000,lbs
1965,628,8,5D,US,110000,lbs
1966,628,8,5D,US,20000,lbs
1967,628,8,5D,US,102000,lbs
1968,628,8,5D,US,8000,lbs
1969,628,8,5D,US,6000,lbs
1970,628,8,5D,US,7000,lbs
1973,628,8,5D,US,72000,lbs
1963,607,2,3B,CA,1000,lbs
1964,607,2,3B,CA,2000,lbs
1967,607,2,3B,CA,1000,lbs
1968,607,2,3B,CA,1000,lbs
1970,607,2,3B,CA,2000,lbs
1972,607,2,3B,CA,20000,lbs
1950,607,2,3B,US,257000,lbs
1951,607,2,3B,US,430000,lbs
1952,607,2,3B,US,483000,lbs
1953,607,2,3B,US,225000,lbs
1954,607,2,3B,US,409000,lbs
1955,607,2,3B,US,377000,lbs
1956,607,2,3B,US,257000,lbs
1957,607,2,3B,US,238000,lbs
1958,607,2,3B,US,593000,lbs
1959,607,2,3B,US,272000,lbs
1960,607,2,3B,US,379000,lbs
1961,607,2,3B,US,714000,lbs
1962,607,2,3B,US,361000,lbs
1963,607,2,3B,US,407000,lbs
1964,607,2,3B,US,432000,lbs
1965,607,2,3B,US,266000,lbs
1966,607,2,3B,US,301000,lbs
1967,607,2,3B,US,228000,lbs
1968,607,2,3B,US,265000,lbs
1969,607,2,3B,US,202000,lbs
1970,607,2,3B,US,250000,lbs
1971,607,2,3B,US,344000,lbs
1972,607,2,3B,US,872000,lbs
1973,607,2,3B,US,780000,lbs
1974,607,2,3B,US,1118000,lbs
1975,607,2,3B,US,1033000,lbs
1950,607,3,3C,CA,1084000,lbs
1951,607,3,3C,CA,646000,lbs
1952,607,3,3C,CA,1165000,lbs
1953,607,3,3C,CA,838000,lbs
1954,607,3,3C,CA,667000,lbs
1955,607,3,3C,CA,379000,lbs
1956,607,3,3C,CA,416000,lbs
1957,607,3,3C,CA,522000,lbs
1958,607,3,3C,CA,410000,lbs
1959,607,3,3C,CA,408000,lbs
1960,607,3,3C,CA,428000,lbs
1961,607,3,3C,CA,453000,lbs
1962,607,3,3C,CA,326000,lbs
1963,607,3,3C,CA,166000,lbs
1964,607,3,3C,CA,377000,lbs
1965,607,3,3C,CA,402000,lbs
1966,607,3,3C,CA,261000,lbs
1967,607,3,3C,CA,265000,lbs
1968,607,3,3C,CA,250000,lbs
1969,607,3,3C,CA,122000,lbs
1970,607,3,3C,CA,316000,lbs
1971,607,3,3C,CA,849000,lbs
1972,607,3,3C,CA,1022000,lbs
1973,607,3,3C,CA,868000,lbs
1974,607,3,3C,CA,1288000,lbs
1975,607,3,3C,CA,702000,lbs
1950,607,3,3C,US,798000,lbs
1951,607,3,3C,US,1105000,lbs
1952,607,3,3C,US,924000,lbs
1953,607,3,3C,US,810000,lbs
1954,607,3,3C,US,1845000,lbs
1955,607,3,3C,US,576000,lbs
1956,607,3,3C,US,813000,lbs
1957,607,3,3C,US,922000,lbs
1958,607,3,3C,US,750000,lbs
1959,607,3,3C,US,1956000,lbs
1960,607,3,3C,US,1718000,lbs
1961,607,3,3C,US,1992000,lbs
1962,607,3,3C,US,1549000,lbs
1963,607,3,3C,US,1477000,lbs
1964,607,3,3C,US,945000,lbs
1965,607,3,3C,US,1343000,lbs
1966,607,3,3C,US,1119000,lbs
1967,607,3,3C,US,532000,lbs
1968,607,3,3C,US,513000,lbs
1969,607,3,3C,US,752000,lbs
1970,607,3,3C,US,285000,lbs
1971,607,3,3C,US,456000,lbs
1972,607,3,3C,US,693000,lbs
1973,607,3,3C,US,593000,lbs
1974,607,3,3C,US,707000,lbs
1975,607,3,3C,US,1367000,lbs
1950,607,4,3D,CA,325000,lbs
1951,607,4,3D,CA,178000,lbs
1952,607,4,3D,CA,192000,lbs
1953,607,4,3D,CA,29000,lbs
1954,607,4,3D,CA,127000,lbs
1955,607,4,3D,CA,193000,lbs
1956,607,4,3D,CA,33000,lbs
1957,607,4,3D,CA,13000,lbs
1958,607,4,3D,CA,32000,lbs
1959,607,4,3D,CA,13000,lbs
1960,607,4,3D,CA,29000,lbs
1961,607,4,3D,CA,21000,lbs
1962,607,4,3D,CA,55000,lbs
1963,607,4,3D,CA,20000,lbs
1964,607,4,3D,CA,95000,lbs
1965,607,4,3D,CA,146000,lbs
1966,607,4,3D,CA,122000,lbs
1967,607,4,3D,CA,148000,lbs
1968,607,4,3D,CA,78000,lbs
1969,607,4,3D,CA,114000,lbs
1970,607,4,3D,CA,68000,lbs
1971,607,4,3D,CA,66000,lbs
1972,607,4,3D,CA,31000,lbs
1973,607,4,3D,CA,19000,lbs
1974,607,4,3D,CA,12000,lbs
1975,607,4,3D,CA,35000,lbs
1950,607,4,3D,US,1204000,lbs
1951,607,4,3D,US,494000,lbs
1952,607,4,3D,US,393000,lbs
1953,607,4,3D,US,490000,lbs
1954,607,4,3D,US,295000,lbs
1955,607,4,3D,US,859000,lbs
1956,607,4,3D,US,681000,lbs
1957,607,4,3D,US,3223000,lbs
1958,607,4,3D,US,331000,lbs
1959,607,4,3D,US,338000,lbs
1960,607,4,3D,US,193000,lbs
1961,607,4,3D,US,589000,lbs
1962,607,4,3D,US,596000,lbs
1963,607,4,3D,US,425000,lbs
1964,607,4,3D,US,308000,lbs
1965,607,4,3D,US,516000,lbs
1966,607,4,3D,US,460000,lbs
1967,607,4,3D,US,225000,lbs
1968,607,4,3D,US,567000,lbs
1969,607,4,3D,US,464000,lbs
1970,607,4,3D,US,231000,lbs
1971,607,4,3D,US,215000,lbs
1972,607,4,3D,US,79000,lbs
1973,607,4,3D,US,416000,lbs
1974,607,4,3D,US,419000,lbs
1975,607,4,3D,US,480000,lbs
1950,607,68,4A,US,708000,lbs
1951,607,68,4A,US,4000,lbs
1952,607,68,4A,US,5000,lbs
1953,607,68,4A,US,3000,lbs
1954,607,68,4A,US,1000,lbs
1955,607,68,4A,US,2000,lbs
1956,607,68,4A,US,9000,lbs
1957,607,68,4A,US,2000,lbs
1958,607,68,4A,US,1000,lbs
1960,607,68,4A,US,1000,lbs
1961,607,68,4A,US,3000,lbs
1962,607,68,4A,US,6000,lbs
1963,607,68,4A,US,6000,lbs
1965,607,68,4A,US,3000,lbs
1966,607,68,4A,US,8000,lbs
1967,607,68,4A,US,1000,lbs
1968,607,68,4A,US,3000,lbs
1969,607,68,4A,US,2000,lbs
1970,607,68,4A,US,1000,lbs
1971,607,68,4A,US,3000,lbs
1972,607,68,4A,US,3000,lbs
1974,607,68,4A,US,1000,lbs
1975,607,68,4A,US,1000,lbs
1950,607,1,4B,CA,4000,lbs
1951,607,1,4B,CA,5000,lbs
1952,607,1,4B,CA,114000,lbs
1953,607,1,4B,CA,9000,lbs
1954,607,1,4B,CA,11000,lbs
1955,607,1,4B,CA,5000,lbs
1956,607,1,4B,CA,6000,lbs
1957,607,1,4B,CA,10000,lbs
1958,607,1,4B,CA,26000,lbs
1959,607,1,4B,CA,39000,lbs
1960,607,1,4B,CA,35000,lbs
1961,607,1,4B,CA,12000,lbs
1962,607,1,4B,CA,17000,lbs
1963,607,1,4B,CA,11000,lbs
1964,607,1,4B,CA,9000,lbs
1965,607,1,4B,CA,40000,lbs
1966,607,1,4B,CA,4000,lbs
1967,607,1,4B,CA,9000,lbs
1968,607,1,4B,CA,1000,lbs
1969,607,1,4B,CA,4000,lbs
1970,607,1,4B,CA,4000,lbs
1971,607,1,4B,CA,2000,lbs
1972,607,1,4B,CA,1000,lbs
1973,607,1,4B,CA,2000,lbs
1974,607,1,4B,CA,3000,lbs
1975,607,1,4B,CA,12000,lbs
1950,607,5,5A,CA,130000,lbs
1951,607,5,5A,CA,123000,lbs
1952,607,5,5A,CA,84000,lbs
1953,607,5,5A,CA,42000,lbs
1954,607,5,5A,CA,33000,lbs
1955,607,5,5A,CA,17000,lbs
1956,607,5,5A,CA,51000,lbs
1957,607,5,5A,CA,147000,lbs
1958,607,5,5A,CA,53000,lbs
1959,607,5,5A,CA,44000,lbs
1960,607,5,5A,CA,111000,lbs
1961,607,5,5A,CA,128000,lbs
1962,607,5,5A,CA,166000,lbs
1963,607,5,5A,CA,150000,lbs
1964,607,5,5A,CA,245000,lbs
1965,607,5,5A,CA,130000,lbs
1966,607,5,5A,CA,170000,lbs
1967,607,5,5A,CA,167000,lbs
1968,607,5,5A,CA,137000,lbs
1969,607,5,5A,CA,42000,lbs
1970,607,5,5A,CA,23000,lbs
1971,607,5,5A,CA,66000,lbs
1972,607,5,5A,CA,54000,lbs
1973,607,5,5A,CA,83000,lbs
1974,607,5,5A,CA,108000,lbs
1975,607,5,5A,CA,68000,lbs
1950,607,5,5A,US,708000,lbs
1951,607,5,5A,US,391000,lbs
1952,607,5,5A,US,397000,lbs
1953,607,5,5A,US,420000,lbs
1954,607,5,5A,US,239000,lbs
1955,607,5,5A,US,814000,lbs
1956,607,5,5A,US,944000,lbs
1957,607,5,5A,US,367000,lbs
1958,607,5,5A,US,249000,lbs
1959,607,5,5A,US,188000,lbs
1960,607,5,5A,US,156000,lbs
1961,607,5,5A,US,106000,lbs
1962,607,5,5A,US,275000,lbs
1963,607,5,5A,US,255000,lbs
1964,607,5,5A,US,185000,lbs
1965,607,5,5A,US,394000,lbs
1966,607,5,5A,US,385000,lbs
1967,607,5,5A,US,453000,lbs
1968,607,5,5A,US,235000,lbs
1969,607,5,5A,US,104000,lbs
1970,607,5,5A,US,54000,lbs
1971,607,5,5A,US,76000,lbs
1972,607,5,5A,US,89000,lbs
1973,607,5,5A,US,250000,lbs
1974,607,5,5A,US,281000,lbs
1975,607,5,5A,US,64000,lbs
1950,607,6,5B,CA,156000,lbs
1951,607,6,5B,CA,106000,lbs
1952,607,6,5B,CA,92000,lbs
1953,607,6,5B,CA,65000,lbs
1954,607,6,5B,CA,36000,lbs
1955,607,6,5B,CA,15000,lbs
1956,607,6,5B,CA,44000,lbs
1957,607,6,5B,CA,49000,lbs
1958,607,6,5B,CA,103000,lbs
1959,607,6,5B,CA,85000,lbs
1960,607,6,5B,CA,140000,lbs
1961,607,6,5B,CA,96000,lbs
1962,607,6,5B,CA,183000,lbs
1963,607,6,5B,CA,432000,lbs
1964,607,6,5B,CA,183000,lbs
1965,607,6,5B,CA,137000,lbs
1966,607,6,5B,CA,174000,lbs
1967,607,6,5B,CA,118000,lbs
1968,607,6,5B,CA,44000,lbs
1969,607,6,5B,CA,17000,lbs
1970,607,6,5B,CA,2000,lbs
1971,607,6,5B,CA,10000,lbs
1972,607,6,5B,CA,71000,lbs
1973,607,6,5B,CA,22000,lbs
1974,607,6,5B,CA,67000,lbs
1975,607,6,5B,CA,98000,lbs
1950,607,6,5B,US,260000,lbs
1951,607,6,5B,US,98000,lbs
1952,607,6,5B,US,100000,lbs
1953,607,6,5B,US,65000,lbs
1954,607,6,5B,US,182000,lbs
1955,607,6,5B,US,173000,lbs
1956,607,6,5B,US,78000,lbs
1957,607,6,5B,US,65000,lbs
1958,607,6,5B,US,100000,lbs
1959,607,6,5B,US,35000,lbs
1960,607,6,5B,US,63000,lbs
1961,607,6,5B,US,47000,lbs
1962,607,6,5B,US,131000,lbs
1963,607,6,5B,US,347000,lbs
1964,607,6,5B,US,315000,lbs
1965,607,6,5B,US,260000,lbs
1966,607,6,5B,US,304000,lbs
1967,607,6,5B,US,332000,lbs
1968,607,6,5B,US,170000,lbs
1969,607,6,5B,US,88000,lbs
1970,607,6,5B,US,45000,lbs
1971,607,6,5B,US,62000,lbs
1972,607,6,5B,US,125000,lbs
1973,607,6,5B,US,111000,lbs
1974,607,6,5B,US,168000,lbs
1975,607,6,5B,US,113000,lbs
1950,607,7,5C,CA,23000,lbs
1951,607,7,5C,CA,223000,lbs
1952,607,7,5C,CA,28000,lbs
1954,607,7,5C,CA,2000,lbs
1955,607,7,5C,CA,18000,lbs
1956,607,7,5C,CA,65000,lbs
1957,607,7,5C,CA,106000,lbs
1958,607,7,5C,CA,45000,lbs
1959,607,7,5C,CA,76000,lbs
1960,607,7,5C,CA,123000,lbs
1961,607,7,5C,CA,7000,lbs
1962,607,7,5C,CA,25000,lbs
1963,607,7,5C,CA,17000,lbs
1964,607,7,5C,CA,80000,lbs
1965,607,7,5C,CA,200000,lbs
1966,607,7,5C,CA,391000,lbs
1967,607,7,5C,CA,241000,lbs
1968,607,7,5C,CA,244000,lbs
1969,607,7,5C,CA,26000,lbs
1970,607,7,5C,CA,15000,lbs
1971,607,7,5C,CA,54000,lbs
1972,607,7,5C,CA,24000,lbs
1973,607,7,5C,CA,21000,lbs
1974,607,7,5C,CA,9000,lbs
1975,607,7,5C,CA,25000,lbs
1950,607,7,5C,US,598000,lbs
1951,607,7,5C,US,441000,lbs
1952,607,7,5C,US,542000,lbs
1953,607,7,5C,US,217000,lbs
1954,607,7,5C,US,326000,lbs
1955,607,7,5C,US,77000,lbs
1956,607,7,5C,US,25000,lbs
1957,607,7,5C,US,88000,lbs
1958,607,7,5C,US,44000,lbs
1959,607,7,5C,US,62000,lbs
1960,607,7,5C,US,3000,lbs
1961,607,7,5C,US,1000,lbs
1963,607,7,5C,US,19000,lbs
1964,607,7,5C,US,9000,lbs
1965,607,7,5C,US,9000,lbs
1966,607,7,5C,US,2000,lbs
1967,607,7,5C,US,54000,lbs
1950,607,8,5D,CA,324000,lbs
1951,607,8,5D,CA,310000,lbs
1952,607,8,5D,CA,153000,lbs
1953,607,8,5D,CA,67000,lbs
1954,607,8,5D,CA,12000,lbs
1955,607,8,5D,CA,27000,lbs
1956,607,8,5D,CA,4000,lbs
1957,607,8,5D,CA,212000,lbs
1958,607,8,5D,CA,254000,lbs
1959,607,8,5D,CA,175000,lbs
1960,607,8,5D,CA,122000,lbs
1961,607,8,5D,CA,206000,lbs
1962,607,8,5D,CA,334000,lbs
1963,607,8,5D,CA,138000,lbs
1964,607,8,5D,CA,234000,lbs
1965,607,8,5D,CA,233000,lbs
1966,607,8,5D,CA,181000,lbs
1967,607,8,5D,CA,92000,lbs
1968,607,8,5D,CA,59000,lbs
1969,607,8,5D,CA,23000,lbs
1970,607,8,5D,CA,33000,lbs
1971,607,8,5D,CA,68000,lbs
1972,607,8,5D,CA,49000,lbs
1973,607,8,5D,CA,29000,lbs
1974,607,8,5D,CA,22000,lbs
1975,607,8,5D,CA,36000,lbs
1950,607,8,5D,US,599000,lbs
1951,607,8,5D,US,441000,lbs
1952,607,8,5D,US,543000,lbs
1953,607,8,5D,US,218000,lbs
1954,607,8,5D,US,314000,lbs
1955,607,8,5D,US,86000,lbs
1956,607,8,5D,US,20000,lbs
1957,607,8,5D,US,71000,lbs
1958,607,8,5D,US,69000,lbs
1959,607,8,5D,US,164000,lbs
1960,607,8,5D,US,17000,lbs
1961,607,8,5D,US,10000,lbs
1962,607,8,5D,US,1000,lbs
1963,607,8,5D,US,7000,lbs
1964,607,8,5D,US,37000,lbs
1965,607,8,5D,US,3000,lbs
1967,607,8,5D,US,1000,lbs
1973,607,8,5D,US,3000,lbs
1962,626,2,3B,CA,2000,lbs
1963,626,2,3B,CA,2000,lbs
1964,626,2,3B,CA,5000,lbs
1970,626,2,3B,CA,132000,lbs
1971,626,2,3B,CA,125000,lbs
1972,626,2,3B,CA,1000,lbs
1950,626,2,3B,US,1413000,lbs
1951,626,2,3B,US,1477000,lbs
1952,626,2,3B,US,1610000,lbs
1953,626,2,3B,US,1134000,lbs
1954,626,2,3B,US,1298000,lbs
1955,626,2,3B,US,2052000,lbs
1956,626,2,3B,US,1728000,lbs
1957,626,2,3B,US,738000,lbs
1958,626,2,3B,US,903000,lbs
1959,626,2,3B,US,1059000,lbs
1960,626,2,3B,US,1714000,lbs
1961,626,2,3B,US,1171000,lbs
1962,626,2,3B,US,721000,lbs
1963,626,2,3B,US,1313000,lbs
1964,626,2,3B,US,442000,lbs
1965,626,2,3B,US,264000,lbs
1966,626,2,3B,US,352000,lbs
1967,626,2,3B,US,241000,lbs
1968,626,2,3B,US,657000,lbs
1969,626,2,3B,US,623000,lbs
1970,626,2,3B,US,817000,lbs
1971,626,2,3B,US,671000,lbs
1972,626,2,3B,US,515000,lbs
1973,626,2,3B,US,611000,lbs
1974,626,2,3B,US,290000,lbs
1975,626,2,3B,US,430000,lbs
1950,626,3,3C,CA,6000,lbs
1951,626,3,3C,CA,6000,lbs
1952,626,3,3C,CA,237000,lbs
1953,626,3,3C,CA,185000,lbs
1954,626,3,3C,CA,51000,lbs
1955,626,3,3C,CA,176000,lbs
1956,626,3,3C,CA,60000,lbs
1957,626,3,3C,CA,77000,lbs
1958,626,3,3C,CA,48000,lbs
1959,626,3,3C,CA,9000,lbs
1960,626,3,3C,CA,5000,lbs
1961,626,3,3C,CA,40000,lbs
1962,626,3,3C,CA,16000,lbs
1963,626,3,3C,CA,63000,lbs
1964,626,3,3C,CA,17000,lbs
1965,626,3,3C,CA,19000,lbs
1966,626,3,3C,CA,8000,lbs
1967,626,3,3C,CA,15000,lbs
1968,626,3,3C,CA,2000,lbs
1969,626,3,3C,CA,80000,lbs
1970,626,3,3C,CA,298000,lbs
1971,626,3,3C,CA,397000,lbs
1972,626,3,3C,CA,9000,lbs
1973,626,3,3C,CA,17000,lbs
1974,626,3,3C,CA,27000,lbs
1975,626,3,3C,CA,32000,lbs
1950,626,3,3C,US,541000,lbs
1951,626,3,3C,US,566000,lbs
1952,626,3,3C,US,617000,lbs
1953,626,3,3C,US,434000,lbs
1954,626,3,3C,US,295000,lbs
1955,626,3,3C,US,981000,lbs
1956,626,3,3C,US,1321000,lbs
1957,626,3,3C,US,542000,lbs
1958,626,3,3C,US,607000,lbs
1959,626,3,3C,US,637000,lbs
1960,626,3,3C,US,1153000,lbs
1961,626,3,3C,US,704000,lbs
1962,626,3,3C,US,1157000,lbs
1963,626,3,3C,US,586000,lbs
1964,626,3,3C,US,314000,lbs
1965,626,3,3C,US,317000,lbs
1966,626,3,3C,US,199000,lbs
1967,626,3,3C,US,102000,lbs
1968,626,3,3C,US,261000,lbs
1969,626,3,3C,US,372000,lbs
1970,626,3,3C,US,266000,lbs
1971,626,3,3C,US,311000,lbs
1972,626,3,3C,US,264000,lbs
1973,626,3,3C,US,133000,lbs
1974,626,3,3C,US,266000,lbs
1975,626,3,3C,US,277000,lbs
1951,626,4,3D,CA,6000,lbs
1958,626,4,3D,CA,2000,lbs
1961,626,4,3D,CA,1000,lbs
1964,626,4,3D,CA,7000,lbs
1965,626,4,3D,CA,12000,lbs
1966,626,4,3D,CA,2000,lbs
1967,626,4,3D,CA,3000,lbs
1968,626,4,3D,CA,4000,lbs
1969,626,4,3D,CA,5000,lbs
1970,626,4,3D,CA,126000,lbs
1971,626,4,3D,CA,59000,lbs
1972,626,4,3D,CA,15000,lbs
1974,626,4,3D,CA,17000,lbs
1975,626,4,3D,CA,1000,lbs
1950,626,4,3D,US,22000,lbs
1951,626,4,3D,US,23000,lbs
1952,626,4,3D,US,25000,lbs
1953,626,4,3D,US,18000,lbs
1954,626,4,3D,US,16000,lbs
1955,626,4,3D,US,36000,lbs
1956,626,4,3D,US,27000,lbs
1957,626,4,3D,US,61000,lbs
1958,626,4,3D,US,64000,lbs
1959,626,4,3D,US,184000,lbs
1960,626,4,3D,US,101000,lbs
1961,626,4,3D,US,528000,lbs
1962,626,4,3D,US,830000,lbs
1963,626,4,3D,US,323000,lbs
1964,626,4,3D,US,289000,lbs
1965,626,4,3D,US,276000,lbs
1966,626,4,3D,US,148000,lbs
1967,626,4,3D,US,137000,lbs
1968,626,4,3D,US,70000,lbs
1969,626,4,3D,US,171000,lbs
1970,626,4,3D,US,669000,lbs
1971,626,4,3D,US,144000,lbs
1972,626,4,3D,US,69000,lbs
1973,626,4,3D,US,122000,lbs
1974,626,4,3D,US,108000,lbs
1975,626,4,3D,US,110000,lbs
1950,626,68,4A,US,6000,lbs
1951,626,68,4A,US,57000,lbs
1952,626,68,4A,US,62000,lbs
1953,626,68,4A,US,44000,lbs
1954,626,68,4A,US,55000,lbs
1955,626,68,4A,US,54000,lbs
1956,626,68,4A,US,93000,lbs
1957,626,68,4A,US,68000,lbs
1958,626,68,4A,US,76000,lbs
1959,626,68,4A,US,22000,lbs
1960,626,68,4A,US,5000,lbs
1961,626,68,4A,US,13000,lbs
1962,626,68,4A,US,18000,lbs
1963,626,68,4A,US,13000,lbs
1965,626,68,4A,US,13000,lbs
1966,626,68,4A,US,27000,lbs
1967,626,68,4A,US,26000,lbs
1968,626,68,4A,US,38000,lbs
1969,626,68,4A,US,24000,lbs
1970,626,68,4A,US,49000,lbs
1971,626,68,4A,US,44000,lbs
1972,626,68,4A,US,34000,lbs
1973,626,68,4A,US,127000,lbs
1974,626,68,4A,US,104000,lbs
1975,626,68,4A,US,121000,lbs
1950,626,1,4B,CA,330000,lbs
1951,626,1,4B,CA,558000,lbs
1952,626,1,4B,CA,277000,lbs
1953,626,1,4B,CA,53000,lbs
1954,626,1,4B,CA,78000,lbs
1955,626,1,4B,CA,118000,lbs
1956,626,1,4B,CA,102000,lbs
1957,626,1,4B,CA,171000,lbs
1958,626,1,4B,CA,122000,lbs
1959,626,1,4B,CA,149000,lbs
1960,626,1,4B,CA,111000,lbs
1961,626,1,4B,CA,114000,lbs
1962,626,1,4B,CA,278000,lbs
1963,626,1,4B,CA,272000,lbs
1964,626,1,4B,CA,271000,lbs
1965,626,1,4B,CA,230000,lbs
1966,626,1,4B,CA,256000,lbs
1967,626,1,4B,CA,121000,lbs
1968,626,1,4B,CA,82000,lbs
1969,626,1,4B,CA,122000,lbs
1970,626,1,4B,CA,142000,lbs
1971,626,1,4B,CA,180000,lbs
1972,626,1,4B,CA,208000,lbs
1973,626,1,4B,CA,16000,lbs
1974,626,1,4B,CA,9000,lbs
1975,626,1,4B,CA,74000,lbs
1952,626,5,5A,CA,1000,lbs
1953,626,5,5A,CA,6000,lbs
1957,626,5,5A,CA,3000,lbs
1961,626,5,5A,CA,8000,lbs
1962,626,5,5A,CA,1000,lbs
1963,626,5,5A,CA,3000,lbs
1964,626,5,5A,CA,9000,lbs
1965,626,5,5A,CA,28000,lbs
1966,626,5,5A,CA,40000,lbs
1967,626,5,5A,CA,27000,lbs
1968,626,5,5A,CA,35000,lbs
1969,626,5,5A,CA,26000,lbs
1970,626,5,5A,CA,99000,lbs
1971,626,5,5A,CA,63000,lbs
1972,626,5,5A,CA,39000,lbs
1973,626,5,5A,CA,30000,lbs
1974,626,5,5A,CA,9000,lbs
1975,626,5,5A,CA,3000,lbs
1950,626,5,5A,US,6000,lbs
1951,626,5,5A,US,6000,lbs
1952,626,5,5A,US,7000,lbs
1953,626,5,5A,US,5000,lbs
1954,626,5,5A,US,11000,lbs
1955,626,5,5A,US,2000,lbs
1956,626,5,5A,US,141000,lbs
1957,626,5,5A,US,96000,lbs
1958,626,5,5A,US,30000,lbs
1959,626,5,5A,US,112000,lbs
1960,626,5,5A,US,183000,lbs
1961,626,5,5A,US,82000,lbs
1962,626,5,5A,US,84000,lbs
1963,626,5,5A,US,60000,lbs
1964,626,5,5A,US,117000,lbs
1965,626,5,5A,US,95000,lbs
1966,626,5,5A,US,117000,lbs
1967,626,5,5A,US,88000,lbs
1968,626,5,5A,US,214000,lbs
1969,626,5,5A,US,121000,lbs
1970,626,5,5A,US,126000,lbs
1971,626,5,5A,US,65000,lbs
1972,626,5,5A,US,76000,lbs
1973,626,5,5A,US,50000,lbs
1974,626,5,5A,US,69000,lbs
1975,626,5,5A,US,40000,lbs
1950,626,6,5B,CA,1000,lbs
1951,626,6,5B,CA,11000,lbs
1952,626,6,5B,CA,13000,lbs
1953,626,6,5B,CA,5000,lbs
1955,626,6,5B,CA,2000,lbs
1956,626,6,5B,CA,13000,lbs
1957,626,6,5B,CA,1000,lbs
1958,626,6,5B,CA,1000,lbs
1959,626,6,5B,CA,4000,lbs
1960,626,6,5B,CA,56000,lbs
1961,626,6,5B,CA,2000,lbs
1962,626,6,5B,CA,22000,lbs
1963,626,6,5B,CA,16000,lbs
1964,626,6,5B,CA,16000,lbs
1965,626,6,5B,CA,43000,lbs
1966,626,6,5B,CA,50000,lbs
1967,626,6,5B,CA,15000,lbs
1968,626,6,5B,CA,33000,lbs
1969,626,6,5B,CA,39000,lbs
1970,626,6,5B,CA,182000,lbs
1971,626,6,5B,CA,151000,lbs
1972,626,6,5B,CA,120000,lbs
1973,626,6,5B,CA,75000,lbs
1974,626,6,5B,CA,77000,lbs
1975,626,6,5B,CA,150000,lbs
1950,626,6,5B,US,123000,lbs
1951,626,6,5B,US,128000,lbs
1952,626,6,5B,US,140000,lbs
1953,626,6,5B,US,98000,lbs
1954,626,6,5B,US,179000,lbs
1955,626,6,5B,US,110000,lbs
1956,626,6,5B,US,386000,lbs
1957,626,6,5B,US,115000,lbs
1958,626,6,5B,US,223000,lbs
1959,626,6,5B,US,95000,lbs
1960,626,6,5B,US,250000,lbs
1961,626,6,5B,US,251000,lbs
1962,626,6,5B,US,289000,lbs
1963,626,6,5B,US,575000,lbs
1964,626,6,5B,US,699000,lbs
1965,626,6,5B,US,445000,lbs
1966,626,6,5B,US,267000,lbs
1967,626,6,5B,US,489000,lbs
1968,626,6,5B,US,472000,lbs
1969,626,6,5B,US,582000,lbs
1970,626,6,5B,US,376000,lbs
1971,626,6,5B,US,202000,lbs
1972,626,6,5B,US,218000,lbs
1973,626,6,5B,US,166000,lbs
1974,626,6,5B,US,203000,lbs
1975,626,6,5B,US,130000,lbs
1951,626,7,5C,CA,1000,lbs
1956,626,7,5C,CA,4000,lbs
1961,626,7,5C,CA,2000,lbs
1963,626,7,5C,CA,1000,lbs
1965,626,7,5C,CA,1000,lbs
1966,626,7,5C,CA,3000,lbs
1968,626,7,5C,CA,2000,lbs
1973,626,7,5C,CA,3000,lbs
1974,626,7,5C,CA,14000,lbs
1975,626,7,5C,CA,148000,lbs
1950,626,7,5C,US,6000,lbs
1951,626,7,5C,US,6000,lbs
1952,626,7,5C,US,7000,lbs
1953,626,7,5C,US,5000,lbs
1954,626,7,5C,US,14000,lbs
1956,626,7,5C,US,10000,lbs
1960,626,7,5C,US,9000,lbs
1962,626,7,5C,US,4000,lbs
1964,626,7,5C,US,1000,lbs
1965,626,7,5C,US,7000,lbs
1967,626,7,5C,US,7000,lbs
1950,626,8,5D,CA,357000,lbs
1951,626,8,5D,CA,390000,lbs
1952,626,8,5D,CA,413000,lbs
1953,626,8,5D,CA,215000,lbs
1954,626,8,5D,CA,177000,lbs
1955,626,8,5D,CA,201000,lbs
1956,626,8,5D,CA,196000,lbs
1957,626,8,5D,CA,196000,lbs
1958,626,8,5D,CA,99000,lbs
1959,626,8,5D,CA,18000,lbs
1960,626,8,5D,CA,47000,lbs
1961,626,8,5D,CA,37000,lbs
1962,626,8,5D,CA,66000,lbs
1963,626,8,5D,CA,39000,lbs
1964,626,8,5D,CA,176000,lbs
1965,626,8,5D,CA,101000,lbs
1966,626,8,5D,CA,145000,lbs
1967,626,8,5D,CA,11000,lbs
1968,626,8,5D,CA,73000,lbs
1969,626,8,5D,CA,584000,lbs
1970,626,8,5D,CA,2125000,lbs
1971,626,8,5D,CA,2013000,lbs
1972,626,8,5D,CA,2032000,lbs
1973,626,8,5D,CA,1690000,lbs
1974,626,8,5D,CA,1674000,lbs
1975,626,8,5D,CA,1862000,lbs
1950,626,8,5D,US,44000,lbs
1951,626,8,5D,US,46000,lbs
1952,626,8,5D,US,51000,lbs
1953,626,8,5D,US,36000,lbs
1954,626,8,5D,US,66000,lbs
1955,626,8,5D,US,39000,lbs
1956,626,8,5D,US,20000,lbs
1958,626,8,5D,US,53000,lbs
1959,626,8,5D,US,173000,lbs
1960,626,8,5D,US,168000,lbs
1961,626,8,5D,US,3000,lbs
1962,626,8,5D,US,5000,lbs
1963,626,8,5D,US,10000,lbs
1964,626,8,5D,US,1000,lbs
1970,626,8,5D,US,2000,lbs
1961,610,2,3B,CA,1000,lbs
1950,610,2,3B,US,8000,lbs
1951,610,2,3B,US,8000,lbs
1952,610,2,3B,US,9000,lbs
1953,610,2,3B,US,6000,lbs
1955,610,2,3B,US,19000,lbs
1956,610,2,3B,US,19000,lbs
1957,610,2,3B,US,18000,lbs
1958,610,2,3B,US,16000,lbs
1959,610,2,3B,US,25000,lbs
1960,610,2,3B,US,17000,lbs
1961,610,2,3B,US,17000,lbs
1962,610,2,3B,US,29000,lbs
1963,610,2,3B,US,18000,lbs
1964,610,2,3B,US,8000,lbs
1965,610,2,3B,US,106000,lbs
1966,610,2,3B,US,3000,lbs
1967,610,2,3B,US,47000,lbs
1968,610,2,3B,US,104000,lbs
1969,610,2,3B,US,21000,lbs
1970,610,2,3B,US,25000,lbs
1971,610,2,3B,US,26000,lbs
1972,610,2,3B,US,50000,lbs
1973,610,2,3B,US,107000,lbs
1974,610,2,3B,US,88000,lbs
1975,610,2,3B,US,64000,lbs
1952,610,3,3C,CA,10000,lbs
1953,610,3,3C,CA,4000,lbs
1954,610,3,3C,CA,1000,lbs
1955,610,3,3C,CA,11000,lbs
1956,610,3,3C,CA,2000,lbs
1957,610,3,3C,CA,3000,lbs
1958,610,3,3C,CA,3000,lbs
1959,610,3,3C,CA,2000,lbs
1961,610,3,3C,CA,2000,lbs
1962,610,3,3C,CA,1000,lbs
1964,610,3,3C,CA,1000,lbs
1965,610,3,3C,CA,2000,lbs
1966,610,3,3C,CA,10000,lbs
1967,610,3,3C,CA,39000,lbs
1969,610,3,3C,CA,6000,lbs
1970,610,3,3C,CA,12000,lbs
1972,610,3,3C,CA,6000,lbs
1973,610,3,3C,CA,1000,lbs
1974,610,3,3C,CA,1000,lbs
1975,610,3,3C,CA,5000,lbs
1950,610,3,3C,US,3000,lbs
1951,610,3,3C,US,4000,lbs
1952,610,3,3C,US,4000,lbs
1953,610,3,3C,US,3000,lbs
1955,610,3,3C,US,8000,lbs
1956,610,3,3C,US,22000,lbs
1957,610,3,3C,US,3000,lbs
1958,610,3,3C,US,5000,lbs
1960,610,3,3C,US,1000,lbs
1961,610,3,3C,US,1000,lbs
1962,610,3,3C,US,2000,lbs
1963,610,3,3C,US,16000,lbs
1973,610,3,3C,US,1000,lbs
1974,610,3,3C,US,10000,lbs
1970,610,4,3D,CA,2000,lbs
1960,610,4,3D,US,6000,lbs
1961,610,4,3D,US,17000,lbs
1962,610,4,3D,US,17000,lbs
1963,610,4,3D,US,14000,lbs
1968,610,4,3D,US,1000,lbs
1970,610,4,3D,US,2000,lbs
1975,610,4,3D,US,1000,lbs
1956,610,68,4A,US,1000,lbs
1960,610,68,4A,US,1000,lbs
1973,610,68,4A,US,1000,lbs
1950,610,1,4B,CA,2000,lbs
1951,610,1,4B,CA,6000,lbs
1952,610,1,4B,CA,1000,lbs
1953,610,1,4B,CA,3000,lbs
1954,610,1,4B,CA,3000,lbs
1955,610,1,4B,CA,5000,lbs
1956,610,1,4B,CA,3000,lbs
1957,610,1,4B,CA,6000,lbs
1958,610,1,4B,CA,6000,lbs
1959,610,1,4B,CA,3000,lbs
1960,610,1,4B,CA,3000,lbs
1961,610,1,4B,CA,3000,lbs
1962,610,1,4B,CA,3000,lbs
1963,610,1,4B,CA,4000,lbs
1964,610,1,4B,CA,4000,lbs
1965,610,1,4B,CA,11000,lbs
1966,610,1,4B,CA,6000,lbs
1971,610,1,4B,CA,1000,lbs
1974,610,1,4B,CA,1000,lbs
1953,610,5,5A,CA,1000,lbs
1964,610,5,5A,CA,1000,lbs
1965,610,5,5A,CA,2000,lbs
1969,610,5,5A,CA,1000,lbs
1973,610,5,5A,CA,1000,lbs
1957,610,5,5A,US,7000,lbs
1968,610,5,5A,US,7000,lbs
1969,610,5,5A,US,1000,lbs
1953,610,6,5B,CA,2000,lbs
1973,610,6,5B,CA,1000,lbs
1958,610,6,5B,US,2000,lbs
1968,610,6,5B,US,1000,lbs
1951,610,7,5C,CA,2000,lbs
1966,610,7,5C,CA,1000,lbs
1970,610,7,5C,CA,2000,lbs
1971,610,7,5C,CA,1000,lbs
1972,610,7,5C,CA,1000,lbs
1973,610,7,5C,CA,9000,lbs
1974,610,7,5C,CA,10000,lbs
1975,610,7,5C,CA,17000,lbs
1950,610,8,5D,CA,233000,lbs
1951,610,8,5D,CA,225000,lbs
1952,610,8,5D,CA,168000,lbs
1953,610,8,5D,CA,79000,lbs
1954,610,8,5D,CA,17000,lbs
1955,610,8,5D,CA,115000,lbs
1956,610,8,5D,CA,47000,lbs
1957,610,8,5D,CA,31000,lbs
1958,610,8,5D,CA,21000,lbs
1959,610,8,5D,CA,5000,lbs
1960,610,8,5D,CA,9000,lbs
1961,610,8,5D,CA,22000,lbs
1962,610,8,5D,CA,14000,lbs
1963,610,8,5D,CA,5000,lbs
1964,610,8,5D,CA,14000,lbs
1965,610,8,5D,CA,4000,lbs
1966,610,8,5D,CA,3000,lbs
1967,610,8,5D,CA,2000,lbs
1968,610,8,5D,CA,19000,lbs
1969,610,8,5D,CA,99000,lbs
1970,610,8,5D,CA,356000,lbs
1971,610,8,5D,CA,422000,lbs
1972,610,8,5D,CA,354000,lbs
1973,610,8,5D,CA,308000,lbs
1974,610,8,5D,CA,290000,lbs
1975,610,8,5D,CA,194000,lbs
1950,610,8,5D,US,11000,lbs
1951,610,8,5D,US,12000,lbs
1952,610,8,5D,US,13000,lbs
1953,610,8,5D,US,9000,lbs
1961,631,2,3B,CA,7000,lbs
1962,631,2,3B,CA,13000,lbs
1963,631,2,3B,CA,9000,lbs
1964,631,2,3B,CA,6000,lbs
1967,631,2,3B,CA,35000,lbs
1968,631,2,3B,CA,45000,lbs
1950,631,2,3B,US,659000,lbs
1951,631,2,3B,US,270000,lbs
1952,631,2,3B,US,295000,lbs
1953,631,2,3B,US,208000,lbs
1954,631,2,3B,US,123000,lbs
1955,631,2,3B,US,490000,lbs
1956,631,2,3B,US,1047000,lbs
1957,631,2,3B,US,470000,lbs
1958,631,2,3B,US,228000,lbs
1959,631,2,3B,US,127000,lbs
1960,631,2,3B,US,53000,lbs
1961,631,2,3B,US,221000,lbs
1962,631,2,3B,US,343000,lbs
1963,631,2,3B,US,412000,lbs
1964,631,2,3B,US,124000,lbs
1965,631,2,3B,US,163000,lbs
1966,631,2,3B,US,184000,lbs
1967,631,2,3B,US,1033000,lbs
1968,631,2,3B,US,1558000,lbs
1969,631,2,3B,US,110000,lbs
1970,631,2,3B,US,132000,lbs
1971,631,2,3B,US,19000,lbs
1972,631,2,3B,US,28000,lbs
1973,631,2,3B,US,24000,lbs
1974,631,2,3B,US,731000,lbs
1975,631,2,3B,US,232000,lbs
1950,631,3,3C,CA,62000,lbs
1951,631,3,3C,CA,49000,lbs
1952,631,3,3C,CA,96000,lbs
1953,631,3,3C,CA,22000,lbs
1954,631,3,3C,CA,70000,lbs
1955,631,3,3C,CA,140000,lbs
1956,631,3,3C,CA,59000,lbs
1957,631,3,3C,CA,7000,lbs
1958,631,3,3C,CA,9000,lbs
1959,631,3,3C,CA,23000,lbs
1960,631,3,3C,CA,58000,lbs
1961,631,3,3C,CA,36000,lbs
1962,631,3,3C,CA,51000,lbs
1963,631,3,3C,CA,31000,lbs
1964,631,3,3C,CA,26000,lbs
1965,631,3,3C,CA,33000,lbs
1966,631,3,3C,CA,50000,lbs
1967,631,3,3C,CA,81000,lbs
1968,631,3,3C,CA,39000,lbs
1969,631,3,3C,CA,38000,lbs
1970,631,3,3C,CA,36000,lbs
1971,631,3,3C,CA,35000,lbs
1972,631,3,3C,CA,23000,lbs
1973,631,3,3C,CA,23000,lbs
1974,631,3,3C,CA,18000,lbs
1975,631,3,3C,CA,19000,lbs
1950,631,3,3C,US,2000,lbs
1951,631,3,3C,US,2000,lbs
1952,631,3,3C,US,2000,lbs
1953,631,3,3C,US,1000,lbs
1954,631,3,3C,US,3000,lbs
1956,631,3,3C,US,4000,lbs
1964,631,3,3C,US,1000,lbs
1966,631,3,3C,US,8000,lbs
1967,631,3,3C,US,3000,lbs
1968,631,3,3C,US,3000,lbs
1970,631,3,3C,US,5000,lbs
1973,631,3,3C,US,1000,lbs
1974,631,3,3C,US,9000,lbs
1952,631,4,3D,CA,1000,lbs
1956,631,4,3D,CA,1000,lbs
1960,631,4,3D,CA,5000,lbs
1962,631,4,3D,CA,1000,lbs
1965,631,4,3D,CA,1000,lbs
1966,631,4,3D,CA,2000,lbs
1970,631,4,3D,CA,1000,lbs
1958,631,4,3D,US,8000,lbs
1968,631,4,3D,US,1000,lbs
1951,631,68,4A,US,233000,lbs
1952,631,68,4A,US,254000,lbs
1953,631,68,4A,US,179000,lbs
1954,631,68,4A,US,249000,lbs
1955,631,68,4A,US,276000,lbs
1956,631,68,4A,US,286000,lbs
1957,631,68,4A,US,279000,lbs
1958,631,68,4A,US,470000,lbs
1959,631,68,4A,US,209000,lbs
1960,631,68,4A,US,640000,lbs
1961,631,68,4A,US,519000,lbs
1962,631,68,4A,US,462000,lbs
1963,631,68,4A,US,595000,lbs
1964,631,68,4A,US,375000,lbs
1965,631,68,4A,US,505000,lbs
1966,631,68,4A,US,332000,lbs
1967,631,68,4A,US,326000,lbs
1968,631,68,4A,US,518000,lbs
1969,631,68,4A,US,554000,lbs
1970,631,68,4A,US,316000,lbs
1971,631,68,4A,US,437000,lbs
1972,631,68,4A,US,553000,lbs
1973,631,68,4A,US,759000,lbs
1974,631,68,4A,US,712000,lbs
1975,631,68,4A,US,313000,lbs
1950,631,1,4B,CA,209000,lbs
1951,631,1,4B,CA,159000,lbs
1952,631,1,4B,CA,159000,lbs
1953,631,1,4B,CA,101000,lbs
1954,631,1,4B,CA,215000,lbs
1955,631,1,4B,CA,126000,lbs
1956,631,1,4B,CA,187000,lbs
1957,631,1,4B,CA,168000,lbs
1958,631,1,4B,CA,99000,lbs
1959,631,1,4B,CA,65000,lbs
1960,631,1,4B,CA,76000,lbs
1961,631,1,4B,CA,145000,lbs
1962,631,1,4B,CA,86000,lbs
1963,631,1,4B,CA,66000,lbs
1964,631,1,4B,CA,83000,lbs
1965,631,1,4B,CA,61000,lbs
1966,631,1,4B,CA,35000,lbs
1967,631,1,4B,CA,78000,lbs
1968,631,1,4B,CA,48000,lbs
1969,631,1,4B,CA,78000,lbs
1970,631,1,4B,CA,48000,lbs
1971,631,1,4B,CA,44000,lbs
1972,631,1,4B,CA,23000,lbs
1973,631,1,4B,CA,20000,lbs
1974,631,1,4B,CA,36000,lbs
1975,631,1,4B,CA,56000,lbs
1950,631,5,5A,CA,13000,lbs
1952,631,5,5A,CA,1000,lbs
1954,631,5,5A,CA,2000,lbs
1957,631,5,5A,CA,6000,lbs
1967,631,5,5A,CA,7000,lbs
1969,631,5,5A,CA,1000,lbs
1970,631,5,5A,CA,2000,lbs
1959,631,5,5A,US,13000,lbs
1967,631,5,5A,US,13000,lbs
1968,631,5,5A,US,8000,lbs
1959,631,6,5B,CA,1000,lbs
1963,631,6,5B,CA,1000,lbs
1964,631,6,5B,CA,1000,lbs
1966,631,6,5B,CA,1000,lbs
1958,631,6,5B,US,2000,lbs
1968,631,6,5B,US,3000,lbs
1962,631,7,5C,CA,9000,lbs
1966,631,7,5C,CA,3000,lbs
1967,631,7,5C,CA,1000,lbs
1968,631,7,5C,CA,1000,lbs
1969,631,7,5C,CA,1000,lbs
1970,631,7,5C,CA,14000,lbs
1971,631,7,5C,CA,2000,lbs
1972,631,7,5C,CA,56000,lbs
1973,631,7,5C,CA,2000,lbs
1974,631,7,5C,CA,1000,lbs
1975,631,7,5C,CA,9000,lbs
1950,631,7,5C,US,3000,lbs
1951,631,7,5C,US,3000,lbs
1952,631,7,5C,US,4000,lbs
1953,631,7,5C,US,3000,lbs
1954,631,7,5C,US,4000,lbs
1955,631,7,5C,US,4000,lbs
1956,631,7,5C,US,20000,lbs
1957,631,7,5C,US,53000,lbs
1970,631,7,5C,US,7000,lbs
1950,631,8,5D,CA,41000,lbs
1951,631,8,5D,CA,241000,lbs
1952,631,8,5D,CA,237000,lbs
1953,631,8,5D,CA,12000,lbs
1954,631,8,5D,CA,4000,lbs
1955,631,8,5D,CA,16000,lbs
1956,631,8,5D,CA,7000,lbs
1957,631,8,5D,CA,14000,lbs
1958,631,8,5D,CA,27000,lbs
1959,631,8,5D,CA,16000,lbs
1960,631,8,5D,CA,58000,lbs
1961,631,8,5D,CA,77000,lbs
1962,631,8,5D,CA,50000,lbs
1963,631,8,5D,CA,95000,lbs
1964,631,8,5D,CA,33000,lbs
1965,631,8,5D,CA,74000,lbs
1966,631,8,5D,CA,63000,lbs
1967,631,8,5D,CA,37000,lbs
1968,631,8,5D,CA,21000,lbs
1969,631,8,5D,CA,52000,lbs
1970,631,8,5D,CA,233000,lbs
1971,631,8,5D,CA,211000,lbs
1972,631,8,5D,CA,356000,lbs
1973,631,8,5D,CA,91000,lbs
1974,631,8,5D,CA,81000,lbs
1975,631,8,5D,CA,116000,lbs
1950,631,8,5D,US,52000,lbs
1951,631,8,5D,US,54000,lbs
1952,631,8,5D,US,59000,lbs
1953,631,8,5D,US,42000,lbs
1954,631,8,5D,US,25000,lbs
1955,631,8,5D,US,94000,lbs
1956,631,8,5D,US,60000,lbs
1957,631,8,5D,US,158000,lbs
1958,631,8,5D,US,177000,lbs
1959,631,8,5D,US,472000,lbs
1960,631,8,5D,US,238000,lbs
1961,631,8,5D,US,91000,lbs
1962,631,8,5D,US,3000,lbs
1963,631,8,5D,US,1000,lbs
1964,631,8,5D,US,6000,lbs
1965,631,8,5D,US,6000,lbs
1966,631,8,5D,US,18000,lbs
1967,631,8,5D,US,4000,lbs
1961,6ZZ,2,3B,CA,16000,lbs
1962,6ZZ,2,3B,CA,39000,lbs
1963,6ZZ,2,3B,CA,7000,lbs
1970,6ZZ,2,3B,CA,1000,lbs
1950,6ZZ,2,3B,US,2000,lbs
1951,6ZZ,2,3B,US,3000,lbs
1952,6ZZ,2,3B,US,3000,lbs
1953,6ZZ,2,3B,US,2000,lbs
1955,6ZZ,2,3B,US,6000,lbs
1956,6ZZ,2,3B,US,28000,lbs
1958,6ZZ,2,3B,US,7000,lbs
1959,6ZZ,2,3B,US,1000,lbs
1961,6ZZ,2,3B,US,24000,lbs
1963,6ZZ,2,3B,US,2000,lbs
1964,6ZZ,2,3B,US,430000,lbs
1965,6ZZ,2,3B,US,42000,lbs
1966,6ZZ,2,3B,US,8000,lbs
1967,6ZZ,2,3B,US,19000,lbs
1968,6ZZ,2,3B,US,3000,lbs
1969,6ZZ,2,3B,US,23000,lbs
1970,6ZZ,2,3B,US,29000,lbs
1971,6ZZ,2,3B,US,12000,lbs
1972,6ZZ,2,3B,US,36000,lbs
1973,6ZZ,2,3B,US,99000,lbs
1974,6ZZ,2,3B,US,212000,lbs
1975,6ZZ,2,3B,US,8000,lbs
1950,6ZZ,3,3C,CA,26000,lbs
1951,6ZZ,3,3C,CA,20000,lbs
1952,6ZZ,3,3C,CA,85000,lbs
1953,6ZZ,3,3C,CA,69000,lbs
1954,6ZZ,3,3C,CA,41000,lbs
1955,6ZZ,3,3C,CA,48000,lbs
1956,6ZZ,3,3C,CA,48000,lbs
1957,6ZZ,3,3C,CA,9000,lbs
1958,6ZZ,3,3C,CA,5000,lbs
1959,6ZZ,3,3C,CA,8000,lbs
1960,6ZZ,3,3C,CA,9000,lbs
1961,6ZZ,3,3C,CA,13000,lbs
1962,6ZZ,3,3C,CA,13000,lbs
1963,6ZZ,3,3C,CA,36000,lbs
1964,6ZZ,3,3C,CA,59000,lbs
1965,6ZZ,3,3C,CA,90000,lbs
1966,6ZZ,3,3C,CA,50000,lbs
1967,6ZZ,3,3C,CA,24000,lbs
1968,6ZZ,3,3C,CA,4000,lbs
1969,6ZZ,3,3C,CA,5000,lbs
1970,6ZZ,3,3C,CA,8000,lbs
1971,6ZZ,3,3C,CA,15000,lbs
1972,6ZZ,3,3C,CA,15000,lbs
1973,6ZZ,3,3C,CA,114000,lbs
1974,6ZZ,3,3C,CA,54000,lbs
1975,6ZZ,3,3C,CA,195000,lbs
1956,6ZZ,3,3C,US,11000,lbs
1961,6ZZ,3,3C,US,2000,lbs
1964,6ZZ,3,3C,US,453000,lbs
1965,6ZZ,3,3C,US,442000,lbs
1966,6ZZ,3,3C,US,43000,lbs
1969,6ZZ,3,3C,US,1000,lbs
1972,6ZZ,3,3C,US,4000,lbs
1973,6ZZ,3,3C,US,12000,lbs
1952,6ZZ,4,3D,CA,6000,lbs
1965,6ZZ,4,3D,CA,5000,lbs
1973,6ZZ,4,3D,CA,1000,lbs
1975,6ZZ,4,3D,CA,22000,lbs
1964,6ZZ,4,3D,US,18000,lbs
1965,6ZZ,4,3D,US,4000,lbs
1966,6ZZ,4,3D,US,3000,lbs
1970,6ZZ,4,3D,US,6000,lbs
1972,6ZZ,4,3D,US,3000,lbs
1973,6ZZ,4,3D,US,39000,lbs
1951,6ZZ,68,4A,US,18000,lbs
1952,6ZZ,68,4A,US,20000,lbs
1953,6ZZ,68,4A,US,13000,lbs
1955,6ZZ,68,4A,US,35000,lbs
1956,6ZZ,68,4A,US,133000,lbs
1959,6ZZ,68,4A,US,19000,lbs
1960,6ZZ,68,4A,US,61000,lbs
1961,6ZZ,68,4A,US,62000,lbs
1962,6ZZ,68,4A,US,46000,lbs
1963,6ZZ,68,4A,US,42000,lbs
1965,6ZZ,68,4A,US,54000,lbs
1966,6ZZ,68,4A,US,73000,lbs
1967,6ZZ,68,4A,US,83000,lbs
1968,6ZZ,68,4A,US,40000,lbs
1969,6ZZ,68,4A,US,34000,lbs
1970,6ZZ,68,4A,US,45000,lbs
1971,6ZZ,68,4A,US,54000,lbs
1972,6ZZ,68,4A,US,46000,lbs
1973,6ZZ,68,4A,US,137000,lbs
1974,6ZZ,68,4A,US,157000,lbs
1975,6ZZ,68,4A,US,101000,lbs
1950,6ZZ,1,4B,CA,14000,lbs
1951,6ZZ,1,4B,CA,22000,lbs
1952,6ZZ,1,4B,CA,26000,lbs
1953,6ZZ,1,4B,CA,12000,lbs
1954,6ZZ,1,4B,CA,7000,lbs
1955,6ZZ,1,4B,CA,2000,lbs
1956,6ZZ,1,4B,CA,37000,lbs
1957,6ZZ,1,4B,CA,3000,lbs
1958,6ZZ,1,4B,CA,5000,lbs
1959,6ZZ,1,4B,CA,4000,lbs
1960,6ZZ,1,4B,CA,10000,lbs
1961,6ZZ,1,4B,CA,15000,lbs
1962,6ZZ,1,4B,CA,16000,lbs
1963,6ZZ,1,4B,CA,19000,lbs
1964,6ZZ,1,4B,CA,9000,lbs
1965,6ZZ,1,4B,CA,22000,lbs
1966,6ZZ,1,4B,CA,7000,lbs
1967,6ZZ,1,4B,CA,13000,lbs
1968,6ZZ,1,4B,CA,1000,lbs
1969,6ZZ,1,4B,CA,7000,lbs
1970,6ZZ,1,4B,CA,4000,lbs
1971,6ZZ,1,4B,CA,4000,lbs
1973,6ZZ,1,4B,CA,30000,lbs
1974,6ZZ,1,4B,CA,10000,lbs
1975,6ZZ,1,4B,CA,40000,lbs
1950,6ZZ,5,5A,CA,4000,lbs
1958,6ZZ,5,5A,CA,1000,lbs
1962,6ZZ,5,5A,CA,1000,lbs
1964,6ZZ,5,5A,CA,3000,lbs
1965,6ZZ,5,5A,CA,196000,lbs
1966,6ZZ,5,5A,CA,52000,lbs
1972,6ZZ,5,5A,CA,82000,lbs
1973,6ZZ,5,5A,CA,81000,lbs
1974,6ZZ,5,5A,CA,20000,lbs
1975,6ZZ,5,5A,CA,324000,lbs
1956,6ZZ,5,5A,US,3000,lbs
1964,6ZZ,5,5A,US,50000,lbs
1965,6ZZ,5,5A,US,2000,lbs
1968,6ZZ,5,5A,US,4000,lbs
1969,6ZZ,5,5A,US,3000,lbs
1970,6ZZ,5,5A,US,1000,lbs
1972,6ZZ,5,5A,US,50000,lbs
1973,6ZZ,5,5A,US,41000,lbs
1975,6ZZ,5,5A,US,1000,lbs
1951,6ZZ,6,5B,CA,12000,lbs
1973,6ZZ,6,5B,CA,46000,lbs
1974,6ZZ,6,5B,CA,137000,lbs
1975,6ZZ,6,5B,CA,128000,lbs
1964,6ZZ,6,5B,US,6000,lbs
1968,6ZZ,6,5B,US,2000,lbs
1972,6ZZ,6,5B,US,5000,lbs
1973,6ZZ,6,5B,US,132000,lbs
1974,6ZZ,6,5B,US,1000,lbs
1962,6ZZ,7,5C,CA,1000,lbs
1965,6ZZ,7,5C,CA,1000,lbs
1969,6ZZ,7,5C,CA,35000,lbs
1973,6ZZ,7,5C,CA,49000,lbs
1974,6ZZ,7,5C,CA,41000,lbs
1975,6ZZ,7,5C,CA,88000,lbs
1967,6ZZ,7,5C,US,11000,lbs
1950,6ZZ,8,5D,CA,9000,lbs
1951,6ZZ,8,5D,CA,1825000,lbs
1952,6ZZ,8,5D,CA,3715000,lbs
1953,6ZZ,8,5D,CA,372000,lbs
1954,6ZZ,8,5D,CA,211000,lbs
1955,6ZZ,8,5D,CA,470000,lbs
1956,6ZZ,8,5D,CA,691000,lbs
1957,6ZZ,8,5D,CA,1291000,lbs
1958,6ZZ,8,5D,CA,500000,lbs
1959,6ZZ,8,5D,CA,212000,lbs
1960,6ZZ,8,5D,CA,105000,lbs
1961,6ZZ,8,5D,CA,22000,lbs
1962,6ZZ,8,5D,CA,39000,lbs
1963,6ZZ,8,5D,CA,110000,lbs
1964,6ZZ,8,5D,CA,204000,lbs
1965,6ZZ,8,5D,CA,269000,lbs
1966,6ZZ,8,5D,CA,348000,lbs
1967,6ZZ,8,5D,CA,738000,lbs
1968,6ZZ,8,5D,CA,424000,lbs
1969,6ZZ,8,5D,CA,355000,lbs
1970,6ZZ,8,5D,CA,1271000,lbs
1971,6ZZ,8,5D,CA,438000,lbs
1972,6ZZ,8,5D,CA,464000,lbs
1973,6ZZ,8,5D,CA,901000,lbs
1974,6ZZ,8,5D,CA,556000,lbs
1975,6ZZ,8,5D,CA,1308000,lbs
1950,6ZZ,8,5D,US,20000,lbs
1951,6ZZ,8,5D,US,21000,lbs
1952,6ZZ,8,5D,US,23000,lbs
1953,6ZZ,8,5D,US,16000,lbs
1955,6ZZ,8,5D,US,47000,lbs
1956,6ZZ,8,5D,US,1000,lbs
1964,6ZZ,8,5D,US,2000,lbs
